Item number,Title,Variation details,Custom label (SKU),Available quantity,Format,Currency,Start price,Auction Buy It Now price,Reserve price,Current price,Sold quantity,Watchers,Bids,Start date,End date,eBay category 1 name,eBay category 1 number,eBay category 2 name,eBay category 2 number,Condition,CD:Professional Grader - (ID: 27501),CD:Grade - (ID: 27502),CDA:Certification Number - (ID: 27503),CD:Card Condition - (ID: 40001),eBay Product ID(ePID),Listing site,P:UPC,P:EAN,P:ISBN
"158008655937",Women Brown Suede Leather Trucker Jacket Custom Made Bespoke Western Coat,Chest Size=XX-SMALL;X-SMALL;SMALL;MEDIUM;LARGE;X-LARGE;2X-LARGE;3X-LARGE;4X-LARGE,,"9","FIXED_PRICE","CAD",169.99,,,169.99,"0","1","0","Jun-17-26 21:23:27 PDT","Oct-17-26 21:23:27 PDT","Coats, Jackets & Vests","63862","","","New with tags","","","","","","CA","","",""
"158008655937",Women Brown Suede Leather Trucker Jacket Custom Made Bespoke Western Coat,Chest Size=XX-SMALL,,"1","FIXED_PRICE","CAD",169.99,,,,"0",,,"Jun-17-26 21:23:27 PDT","Oct-17-26 21:23:27 PDT","Coats, Jackets & Vests","63862","","","New with tags",,,,,"","CA","","",""
"158008655937",Women Brown Suede Leather Trucker Jacket Custom Made Bespoke Western Coat,Chest Size=X-SMALL,,"1","FIXED_PRICE","CAD",199.99,,,,"0",,,"Jun-17-26 21:23:27 PDT","Oct-17-26 21:23:27 PDT","Coats, Jackets & Vests","63862","","","New with tags",,,,,"","CA","","",""
"158008655937",Women Brown Suede Leather Trucker Jacket Custom Made Bespoke Western Coat,Chest Size=SMALL,,"1","FIXED_PRICE","CAD",199.99,,,,"0",,,"Jun-17-26 21:23:27 PDT","Oct-17-26 21:23:27 PDT","Coats, Jackets & Vests","63862","","","New with tags",,,,,"","CA","","",""
"158008655937",Women Brown Suede Leather Trucker Jacket Custom Made Bespoke Western Coat,Chest Size=MEDIUM,,"1","FIXED_PRICE","CAD",199.99,,,,"0",,,"Jun-17-26 21:23:27 PDT","Oct-17-26 21:23:27 PDT","Coats, Jackets & Vests","63862","","","New with tags",,,,,"","CA","","",""
"158008655937",Women Brown Suede Leather Trucker Jacket Custom Made Bespoke Western Coat,Chest Size=LARGE,,"1","FIXED_PRICE","CAD",199.99,,,,"0",,,"Jun-17-26 21:23:27 PDT","Oct-17-26 21:23:27 PDT","Coats, Jackets & Vests","63862","","","New with tags",,,,,"","CA","","",""
"158008655937",Women Brown Suede Leather Trucker Jacket Custom Made Bespoke Western Coat,Chest Size=X-LARGE,,"1","FIXED_PRICE","CAD",199.99,,,,"0",,,"Jun-17-26 21:23:27 PDT","Oct-17-26 21:23:27 PDT","Coats, Jackets & Vests","63862","","","New with tags",,,,,"","CA","","",""
"158008655937",Women Brown Suede Leather Trucker Jacket Custom Made Bespoke Western Coat,Chest Size=2X-LARGE,,"1","FIXED_PRICE","CAD",199.99,,,,"0",,,"Jun-17-26 21:23:27 PDT","Oct-17-26 21:23:27 PDT","Coats, Jackets & Vests","63862","","","New with tags",,,,,"","CA","","",""
"158008655937",Women Brown Suede Leather Trucker Jacket Custom Made Bespoke Western Coat,Chest Size=3X-LARGE,,"1","FIXED_PRICE","CAD",199.99,,,,"0",,,"Jun-17-26 21:23:27 PDT","Oct-17-26 21:23:27 PDT","Coats, Jackets & Vests","63862","","","New with tags",,,,,"","CA","","",""
"158008655937",Women Brown Suede Leather Trucker Jacket Custom Made Bespoke Western Coat,Chest Size=4X-LARGE,,"1","FIXED_PRICE","CAD",199.99,,,,"0",,,"Jun-17-26 21:23:27 PDT","Oct-17-26 21:23:27 PDT","Coats, Jackets & Vests","63862","","","New with tags",,,,,"","CA","","",""
"158008678385",Men Brown Suede Leather Bomber Jacket Shearling Collar Aviator Coat,Chest Size=XX-SMALL;X-SMALL;SMALL;MEDIUM;LARGE;X-LARGE;2X-LARGE;3X-LARGE;4X-LARGE,,"9","FIXED_PRICE","CAD",179.99,,,179.99,"0","","","Jun-17-26 21:33:40 PDT","Oct-17-26 21:33:40 PDT","Coats, Jackets & Vests","57988","","","New with tags","","","","","","CA","","",""
"158008678385",Men Brown Suede Leather Bomber Jacket Shearling Collar Aviator Coat,Chest Size=XX-SMALL,,"1","FIXED_PRICE","CAD",179.99,,,,"0",,,"Jun-17-26 21:33:40 PDT","Oct-17-26 21:33:40 PDT","Coats, Jackets & Vests","57988","","","New with tags",,,,,"","CA","","",""
"158008678385",Men Brown Suede Leather Bomber Jacket Shearling Collar Aviator Coat,Chest Size=X-SMALL,,"1","FIXED_PRICE","CAD",219.99,,,,"0",,,"Jun-17-26 21:33:40 PDT","Oct-17-26 21:33:40 PDT","Coats, Jackets & Vests","57988","","","New with tags",,,,,"","CA","","",""
"158008678385",Men Brown Suede Leather Bomber Jacket Shearling Collar Aviator Coat,Chest Size=SMALL,,"1","FIXED_PRICE","CAD",219.99,,,,"0",,,"Jun-17-26 21:33:40 PDT","Oct-17-26 21:33:40 PDT","Coats, Jackets & Vests","57988","","","New with tags",,,,,"","CA","","",""
"158008678385",Men Brown Suede Leather Bomber Jacket Shearling Collar Aviator Coat,Chest Size=MEDIUM,,"1","FIXED_PRICE","CAD",219.99,,,,"0",,,"Jun-17-26 21:33:40 PDT","Oct-17-26 21:33:40 PDT","Coats, Jackets & Vests","57988","","","New with tags",,,,,"","CA","","",""
"158008678385",Men Brown Suede Leather Bomber Jacket Shearling Collar Aviator Coat,Chest Size=LARGE,,"1","FIXED_PRICE","CAD",219.99,,,,"0",,,"Jun-17-26 21:33:40 PDT","Oct-17-26 21:33:40 PDT","Coats, Jackets & Vests","57988","","","New with tags",,,,,"","CA","","",""
"158008678385",Men Brown Suede Leather Bomber Jacket Shearling Collar Aviator Coat,Chest Size=X-LARGE,,"1","FIXED_PRICE","CAD",219.99,,,,"0",,,"Jun-17-26 21:33:40 PDT","Oct-17-26 21:33:40 PDT","Coats, Jackets & Vests","57988","","","New with tags",,,,,"","CA","","",""
"158008678385",Men Brown Suede Leather Bomber Jacket Shearling Collar Aviator Coat,Chest Size=2X-LARGE,,"1","FIXED_PRICE","CAD",219.99,,,,"0",,,"Jun-17-26 21:33:40 PDT","Oct-17-26 21:33:40 PDT","Coats, Jackets & Vests","57988","","","New with tags",,,,,"","CA","","",""
"158008678385",Men Brown Suede Leather Bomber Jacket Shearling Collar Aviator Coat,Chest Size=3X-LARGE,,"1","FIXED_PRICE","CAD",219.99,,,,"0",,,"Jun-17-26 21:33:40 PDT","Oct-17-26 21:33:40 PDT","Coats, Jackets & Vests","57988","","","New with tags",,,,,"","CA","","",""
"158008678385",Men Brown Suede Leather Bomber Jacket Shearling Collar Aviator Coat,Chest Size=4X-LARGE,,"1","FIXED_PRICE","CAD",219.99,,,,"0",,,"Jun-17-26 21:33:40 PDT","Oct-17-26 21:33:40 PDT","Coats, Jackets & Vests","57988","","","New with tags",,,,,"","CA","","",""
"158008683621",Men Black Genuine Leather Cafe Racer Jacket Distressed Biker Coat,Chest Size=XX-SMALL;X-SMALL;SMALL;MEDIUM;LARGE;X-LARGE;2X-LARGE;3X-LARGE;4X-LARGE,,"9","FIXED_PRICE","CAD",169.99,,,169.99,"0","","","Jun-17-26 21:40:57 PDT","Oct-17-26 21:40:57 PDT","Coats, Jackets & Vests","57988","","","New with tags","","","","","","CA","","",""
"158008683621",Men Black Genuine Leather Cafe Racer Jacket Distressed Biker Coat,Chest Size=XX-SMALL,,"1","FIXED_PRICE","CAD",169.99,,,,"0",,,"Jun-17-26 21:40:57 PDT","Oct-17-26 21:40:57 PDT","Coats, Jackets & Vests","57988","","","New with tags",,,,,"","CA","","",""
"158008683621",Men Black Genuine Leather Cafe Racer Jacket Distressed Biker Coat,Chest Size=X-SMALL,,"1","FIXED_PRICE","CAD",199.99,,,,"0",,,"Jun-17-26 21:40:57 PDT","Oct-17-26 21:40:57 PDT","Coats, Jackets & Vests","57988","","","New with tags",,,,,"","CA","","",""
"158008683621",Men Black Genuine Leather Cafe Racer Jacket Distressed Biker Coat,Chest Size=SMALL,,"1","FIXED_PRICE","CAD",199.99,,,,"0",,,"Jun-17-26 21:40:57 PDT","Oct-17-26 21:40:57 PDT","Coats, Jackets & Vests","57988","","","New with tags",,,,,"","CA","","",""
"158008683621",Men Black Genuine Leather Cafe Racer Jacket Distressed Biker Coat,Chest Size=MEDIUM,,"1","FIXED_PRICE","CAD",199.99,,,,"0",,,"Jun-17-26 21:40:57 PDT","Oct-17-26 21:40:57 PDT","Coats, Jackets & Vests","57988","","","New with tags",,,,,"","CA","","",""
"158008683621",Men Black Genuine Leather Cafe Racer Jacket Distressed Biker Coat,Chest Size=LARGE,,"1","FIXED_PRICE","CAD",199.99,,,,"0",,,"Jun-17-26 21:40:57 PDT","Oct-17-26 21:40:57 PDT","Coats, Jackets & Vests","57988","","","New with tags",,,,,"","CA","","",""
"158008683621",Men Black Genuine Leather Cafe Racer Jacket Distressed Biker Coat,Chest Size=X-LARGE,,"1","FIXED_PRICE","CAD",199.99,,,,"0",,,"Jun-17-26 21:40:57 PDT","Oct-17-26 21:40:57 PDT","Coats, Jackets & Vests","57988","","","New with tags",,,,,"","CA","","",""
"158008683621",Men Black Genuine Leather Cafe Racer Jacket Distressed Biker Coat,Chest Size=2X-LARGE,,"1","FIXED_PRICE","CAD",199.99,,,,"0",,,"Jun-17-26 21:40:57 PDT","Oct-17-26 21:40:57 PDT","Coats, Jackets & Vests","57988","","","New with tags",,,,,"","CA","","",""
"158008683621",Men Black Genuine Leather Cafe Racer Jacket Distressed Biker Coat,Chest Size=3X-LARGE,,"1","FIXED_PRICE","CAD",199.99,,,,"0",,,"Jun-17-26 21:40:57 PDT","Oct-17-26 21:40:57 PDT","Coats, Jackets & Vests","57988","","","New with tags",,,,,"","CA","","",""
"158008683621",Men Black Genuine Leather Cafe Racer Jacket Distressed Biker Coat,Chest Size=4X-LARGE,,"1","FIXED_PRICE","CAD",199.99,,,,"0",,,"Jun-17-26 21:40:57 PDT","Oct-17-26 21:40:57 PDT","Coats, Jackets & Vests","57988","","","New with tags",,,,,"","CA","","",""
"158008691040",Men Black Leather Cafe Racer Jacket Gold Stripe Biker Motorcycle Coat,Chest Size=XX-SMALL;X-SMALL;SMALL;MEDIUM;LARGE;X-LARGE;2X-LARGE;3X-LARGE;4X-LARGE,,"9","FIXED_PRICE","CAD",169.99,,,169.99,"0","1","0","Jun-17-26 21:48:06 PDT","Oct-17-26 21:48:06 PDT","Coats, Jackets & Vests","57988","","","New with tags","","","","","","CA","","",""
"158008691040",Men Black Leather Cafe Racer Jacket Gold Stripe Biker Motorcycle Coat,Chest Size=XX-SMALL,,"1","FIXED_PRICE","CAD",169.99,,,,"0",,,"Jun-17-26 21:48:06 PDT","Oct-17-26 21:48:06 PDT","Coats, Jackets & Vests","57988","","","New with tags",,,,,"","CA","","",""
"158008691040",Men Black Leather Cafe Racer Jacket Gold Stripe Biker Motorcycle Coat,Chest Size=X-SMALL,,"1","FIXED_PRICE","CAD",199.99,,,,"0",,,"Jun-17-26 21:48:06 PDT","Oct-17-26 21:48:06 PDT","Coats, Jackets & Vests","57988","","","New with tags",,,,,"","CA","","",""
"158008691040",Men Black Leather Cafe Racer Jacket Gold Stripe Biker Motorcycle Coat,Chest Size=SMALL,,"1","FIXED_PRICE","CAD",199.99,,,,"0",,,"Jun-17-26 21:48:06 PDT","Oct-17-26 21:48:06 PDT","Coats, Jackets & Vests","57988","","","New with tags",,,,,"","CA","","",""
"158008691040",Men Black Leather Cafe Racer Jacket Gold Stripe Biker Motorcycle Coat,Chest Size=MEDIUM,,"1","FIXED_PRICE","CAD",199.99,,,,"0",,,"Jun-17-26 21:48:06 PDT","Oct-17-26 21:48:06 PDT","Coats, Jackets & Vests","57988","","","New with tags",,,,,"","CA","","",""
"158008691040",Men Black Leather Cafe Racer Jacket Gold Stripe Biker Motorcycle Coat,Chest Size=LARGE,,"1","FIXED_PRICE","CAD",199.99,,,,"0",,,"Jun-17-26 21:48:06 PDT","Oct-17-26 21:48:06 PDT","Coats, Jackets & Vests","57988","","","New with tags",,,,,"","CA","","",""
"158008691040",Men Black Leather Cafe Racer Jacket Gold Stripe Biker Motorcycle Coat,Chest Size=X-LARGE,,"1","FIXED_PRICE","CAD",199.99,,,,"0",,,"Jun-17-26 21:48:06 PDT","Oct-17-26 21:48:06 PDT","Coats, Jackets & Vests","57988","","","New with tags",,,,,"","CA","","",""
"158008691040",Men Black Leather Cafe Racer Jacket Gold Stripe Biker Motorcycle Coat,Chest Size=2X-LARGE,,"1","FIXED_PRICE","CAD",199.99,,,,"0",,,"Jun-17-26 21:48:06 PDT","Oct-17-26 21:48:06 PDT","Coats, Jackets & Vests","57988","","","New with tags",,,,,"","CA","","",""
"158008691040",Men Black Leather Cafe Racer Jacket Gold Stripe Biker Motorcycle Coat,Chest Size=3X-LARGE,,"1","FIXED_PRICE","CAD",199.99,,,,"0",,,"Jun-17-26 21:48:06 PDT","Oct-17-26 21:48:06 PDT","Coats, Jackets & Vests","57988","","","New with tags",,,,,"","CA","","",""
"158008691040",Men Black Leather Cafe Racer Jacket Gold Stripe Biker Motorcycle Coat,Chest Size=4X-LARGE,,"1","FIXED_PRICE","CAD",199.99,,,,"0",,,"Jun-17-26 21:48:06 PDT","Oct-17-26 21:48:06 PDT","Coats, Jackets & Vests","57988","","","New with tags",,,,,"","CA","","",""
"158009764745",Men's Black Distressed Leather Cafe Racer Harley Biker Jacket Red Cream Stripes,Chest Size=XX-SMALL;X-SMALL;SMALL;MEDIUM;LARGE;X-LARGE;2X-LARGE;3X-LARGE;4X-LARGE,,"9","FIXED_PRICE","CAD",169.99,,,169.99,"0","0","0","Jun-18-26 10:20:34 PDT","Oct-18-26 10:20:34 PDT","Coats, Jackets & Vests","57988","","","New with tags","","","","","","CA","","",""
"158009764745",Men's Black Distressed Leather Cafe Racer Harley Biker Jacket Red Cream Stripes,Chest Size=XX-SMALL,,"1","FIXED_PRICE","CAD",169.99,,,,"0",,,"Jun-18-26 10:20:34 PDT","Oct-18-26 10:20:34 PDT","Coats, Jackets & Vests","57988","","","New with tags",,,,,"","CA","","",""
"158009764745",Men's Black Distressed Leather Cafe Racer Harley Biker Jacket Red Cream Stripes,Chest Size=X-SMALL,,"1","FIXED_PRICE","CAD",199.99,,,,"0",,,"Jun-18-26 10:20:34 PDT","Oct-18-26 10:20:34 PDT","Coats, Jackets & Vests","57988","","","New with tags",,,,,"","CA","","",""
"158009764745",Men's Black Distressed Leather Cafe Racer Harley Biker Jacket Red Cream Stripes,Chest Size=SMALL,,"1","FIXED_PRICE","CAD",199.99,,,,"0",,,"Jun-18-26 10:20:34 PDT","Oct-18-26 10:20:34 PDT","Coats, Jackets & Vests","57988","","","New with tags",,,,,"","CA","","",""
"158009764745",Men's Black Distressed Leather Cafe Racer Harley Biker Jacket Red Cream Stripes,Chest Size=MEDIUM,,"1","FIXED_PRICE","CAD",199.99,,,,"0",,,"Jun-18-26 10:20:34 PDT","Oct-18-26 10:20:34 PDT","Coats, Jackets & Vests","57988","","","New with tags",,,,,"","CA","","",""
"158009764745",Men's Black Distressed Leather Cafe Racer Harley Biker Jacket Red Cream Stripes,Chest Size=LARGE,,"1","FIXED_PRICE","CAD",199.99,,,,"0",,,"Jun-18-26 10:20:34 PDT","Oct-18-26 10:20:34 PDT","Coats, Jackets & Vests","57988","","","New with tags",,,,,"","CA","","",""
"158009764745",Men's Black Distressed Leather Cafe Racer Harley Biker Jacket Red Cream Stripes,Chest Size=X-LARGE,,"1","FIXED_PRICE","CAD",199.99,,,,"0",,,"Jun-18-26 10:20:34 PDT","Oct-18-26 10:20:34 PDT","Coats, Jackets & Vests","57988","","","New with tags",,,,,"","CA","","",""
"158009764745",Men's Black Distressed Leather Cafe Racer Harley Biker Jacket Red Cream Stripes,Chest Size=2X-LARGE,,"1","FIXED_PRICE","CAD",199.99,,,,"0",,,"Jun-18-26 10:20:34 PDT","Oct-18-26 10:20:34 PDT","Coats, Jackets & Vests","57988","","","New with tags",,,,,"","CA","","",""
"158009764745",Men's Black Distressed Leather Cafe Racer Harley Biker Jacket Red Cream Stripes,Chest Size=3X-LARGE,,"1","FIXED_PRICE","CAD",199.99,,,,"0",,,"Jun-18-26 10:20:34 PDT","Oct-18-26 10:20:34 PDT","Coats, Jackets & Vests","57988","","","New with tags",,,,,"","CA","","",""
"158009764745",Men's Black Distressed Leather Cafe Racer Harley Biker Jacket Red Cream Stripes,Chest Size=4X-LARGE,,"1","FIXED_PRICE","CAD",199.99,,,,"0",,,"Jun-18-26 10:20:34 PDT","Oct-18-26 10:20:34 PDT","Coats, Jackets & Vests","57988","","","New with tags",,,,,"","CA","","",""
"158009772503",Men's Black Genuine Cowhide Leather Motorcycle Biker Jacket Custom Made,Chest Size=XX-SMALL;X-SMALL;SMALL;MEDIUM;LARGE;X-LARGE;2X-LARGE;3X-LARGE;4X-LARGE,,"9","FIXED_PRICE","CAD",199.99,,,199.99,"0","","","Jun-18-26 10:26:27 PDT","Oct-18-26 10:26:27 PDT","Coats, Jackets & Vests","57988","","","New with tags","","","","","","CA","","",""
"158009772503",Men's Black Genuine Cowhide Leather Motorcycle Biker Jacket Custom Made,Chest Size=XX-SMALL,,"1","FIXED_PRICE","CAD",199.99,,,,"0",,,"Jun-18-26 10:26:27 PDT","Oct-18-26 10:26:27 PDT","Coats, Jackets & Vests","57988","","","New with tags",,,,,"","CA","","",""
"158009772503",Men's Black Genuine Cowhide Leather Motorcycle Biker Jacket Custom Made,Chest Size=X-SMALL,,"1","FIXED_PRICE","CAD",199.99,,,,"0",,,"Jun-18-26 10:26:27 PDT","Oct-18-26 10:26:27 PDT","Coats, Jackets & Vests","57988","","","New with tags",,,,,"","CA","","",""
"158009772503",Men's Black Genuine Cowhide Leather Motorcycle Biker Jacket Custom Made,Chest Size=SMALL,,"1","FIXED_PRICE","CAD",199.99,,,,"0",,,"Jun-18-26 10:26:27 PDT","Oct-18-26 10:26:27 PDT","Coats, Jackets & Vests","57988","","","New with tags",,,,,"","CA","","",""
"158009772503",Men's Black Genuine Cowhide Leather Motorcycle Biker Jacket Custom Made,Chest Size=MEDIUM,,"1","FIXED_PRICE","CAD",199.99,,,,"0",,,"Jun-18-26 10:26:27 PDT","Oct-18-26 10:26:27 PDT","Coats, Jackets & Vests","57988","","","New with tags",,,,,"","CA","","",""
"158009772503",Men's Black Genuine Cowhide Leather Motorcycle Biker Jacket Custom Made,Chest Size=LARGE,,"1","FIXED_PRICE","CAD",199.99,,,,"0",,,"Jun-18-26 10:26:27 PDT","Oct-18-26 10:26:27 PDT","Coats, Jackets & Vests","57988","","","New with tags",,,,,"","CA","","",""
"158009772503",Men's Black Genuine Cowhide Leather Motorcycle Biker Jacket Custom Made,Chest Size=X-LARGE,,"1","FIXED_PRICE","CAD",199.99,,,,"0",,,"Jun-18-26 10:26:27 PDT","Oct-18-26 10:26:27 PDT","Coats, Jackets & Vests","57988","","","New with tags",,,,,"","CA","","",""
"158009772503",Men's Black Genuine Cowhide Leather Motorcycle Biker Jacket Custom Made,Chest Size=2X-LARGE,,"1","FIXED_PRICE","CAD",199.99,,,,"0",,,"Jun-18-26 10:26:27 PDT","Oct-18-26 10:26:27 PDT","Coats, Jackets & Vests","57988","","","New with tags",,,,,"","CA","","",""
"158009772503",Men's Black Genuine Cowhide Leather Motorcycle Biker Jacket Custom Made,Chest Size=3X-LARGE,,"1","FIXED_PRICE","CAD",199.99,,,,"0",,,"Jun-18-26 10:26:27 PDT","Oct-18-26 10:26:27 PDT","Coats, Jackets & Vests","57988","","","New with tags",,,,,"","CA","","",""
"158009772503",Men's Black Genuine Cowhide Leather Motorcycle Biker Jacket Custom Made,Chest Size=4X-LARGE,,"1","FIXED_PRICE","CAD",199.99,,,,"0",,,"Jun-18-26 10:26:27 PDT","Oct-18-26 10:26:27 PDT","Coats, Jackets & Vests","57988","","","New with tags",,,,,"","CA","","",""
"158009789159",Men's Black Genuine Leather Jacket Removable Sheepskin Collar Custom Made,Chest Size=XX-SMALL;X-SMALL;SMALL;MEDIUM;LARGE;X-LARGE;2X-LARGE;3X-LARGE;4X-LARGE,,"9","FIXED_PRICE","CAD",180.85,,,180.85,"0","","","Jun-18-26 10:34:05 PDT","Oct-18-26 10:34:05 PDT","Coats, Jackets & Vests","57988","","","New with tags","","","","","","CA","","",""
"158009789159",Men's Black Genuine Leather Jacket Removable Sheepskin Collar Custom Made,Chest Size=XX-SMALL,,"1","FIXED_PRICE","CAD",180.85,,,,"0",,,"Jun-18-26 10:34:05 PDT","Oct-18-26 10:34:05 PDT","Coats, Jackets & Vests","57988","","","New with tags",,,,,"","CA","","",""
"158009789159",Men's Black Genuine Leather Jacket Removable Sheepskin Collar Custom Made,Chest Size=X-SMALL,,"1","FIXED_PRICE","CAD",180.85,,,,"0",,,"Jun-18-26 10:34:05 PDT","Oct-18-26 10:34:05 PDT","Coats, Jackets & Vests","57988","","","New with tags",,,,,"","CA","","",""
"158009789159",Men's Black Genuine Leather Jacket Removable Sheepskin Collar Custom Made,Chest Size=SMALL,,"1","FIXED_PRICE","CAD",180.85,,,,"0",,,"Jun-18-26 10:34:05 PDT","Oct-18-26 10:34:05 PDT","Coats, Jackets & Vests","57988","","","New with tags",,,,,"","CA","","",""
"158009789159",Men's Black Genuine Leather Jacket Removable Sheepskin Collar Custom Made,Chest Size=MEDIUM,,"1","FIXED_PRICE","CAD",180.85,,,,"0",,,"Jun-18-26 10:34:05 PDT","Oct-18-26 10:34:05 PDT","Coats, Jackets & Vests","57988","","","New with tags",,,,,"","CA","","",""
"158009789159",Men's Black Genuine Leather Jacket Removable Sheepskin Collar Custom Made,Chest Size=LARGE,,"1","FIXED_PRICE","CAD",180.85,,,,"0",,,"Jun-18-26 10:34:05 PDT","Oct-18-26 10:34:05 PDT","Coats, Jackets & Vests","57988","","","New with tags",,,,,"","CA","","",""
"158009789159",Men's Black Genuine Leather Jacket Removable Sheepskin Collar Custom Made,Chest Size=X-LARGE,,"1","FIXED_PRICE","CAD",180.85,,,,"0",,,"Jun-18-26 10:34:05 PDT","Oct-18-26 10:34:05 PDT","Coats, Jackets & Vests","57988","","","New with tags",,,,,"","CA","","",""
"158009789159",Men's Black Genuine Leather Jacket Removable Sheepskin Collar Custom Made,Chest Size=2X-LARGE,,"1","FIXED_PRICE","CAD",180.85,,,,"0",,,"Jun-18-26 10:34:05 PDT","Oct-18-26 10:34:05 PDT","Coats, Jackets & Vests","57988","","","New with tags",,,,,"","CA","","",""
"158009789159",Men's Black Genuine Leather Jacket Removable Sheepskin Collar Custom Made,Chest Size=3X-LARGE,,"1","FIXED_PRICE","CAD",180.85,,,,"0",,,"Jun-18-26 10:34:05 PDT","Oct-18-26 10:34:05 PDT","Coats, Jackets & Vests","57988","","","New with tags",,,,,"","CA","","",""
"158009789159",Men's Black Genuine Leather Jacket Removable Sheepskin Collar Custom Made,Chest Size=4X-LARGE,,"1","FIXED_PRICE","CAD",180.85,,,,"0",,,"Jun-18-26 10:34:05 PDT","Oct-18-26 10:34:05 PDT","Coats, Jackets & Vests","57988","","","New with tags",,,,,"","CA","","",""
"158009798434",Men's Tan Suede Leather Zip Front Shirt Collar Casual Jacket,Chest Size=XX-SMALL;X-SMALL;SMALL;MEDIUM;LARGE;X-LARGE;2X-LARGE;3X-LARGE;4X-LARGE,,"9","FIXED_PRICE","CAD",179.99,,,179.99,"0","","","Jun-18-26 10:42:28 PDT","Oct-18-26 10:42:28 PDT","Coats, Jackets & Vests","57988","","","New with tags","","","","","","CA","","",""
"158009798434",Men's Tan Suede Leather Zip Front Shirt Collar Casual Jacket,Chest Size=XX-SMALL,,"1","FIXED_PRICE","CAD",179.99,,,,"0",,,"Jun-18-26 10:42:28 PDT","Oct-18-26 10:42:28 PDT","Coats, Jackets & Vests","57988","","","New with tags",,,,,"","CA","","",""
"158009798434",Men's Tan Suede Leather Zip Front Shirt Collar Casual Jacket,Chest Size=X-SMALL,,"1","FIXED_PRICE","CAD",219.99,,,,"0",,,"Jun-18-26 10:42:28 PDT","Oct-18-26 10:42:28 PDT","Coats, Jackets & Vests","57988","","","New with tags",,,,,"","CA","","",""
"158009798434",Men's Tan Suede Leather Zip Front Shirt Collar Casual Jacket,Chest Size=SMALL,,"1","FIXED_PRICE","CAD",219.99,,,,"0",,,"Jun-18-26 10:42:28 PDT","Oct-18-26 10:42:28 PDT","Coats, Jackets & Vests","57988","","","New with tags",,,,,"","CA","","",""
"158009798434",Men's Tan Suede Leather Zip Front Shirt Collar Casual Jacket,Chest Size=MEDIUM,,"1","FIXED_PRICE","CAD",219.99,,,,"0",,,"Jun-18-26 10:42:28 PDT","Oct-18-26 10:42:28 PDT","Coats, Jackets & Vests","57988","","","New with tags",,,,,"","CA","","",""
"158009798434",Men's Tan Suede Leather Zip Front Shirt Collar Casual Jacket,Chest Size=LARGE,,"1","FIXED_PRICE","CAD",219.99,,,,"0",,,"Jun-18-26 10:42:28 PDT","Oct-18-26 10:42:28 PDT","Coats, Jackets & Vests","57988","","","New with tags",,,,,"","CA","","",""
"158009798434",Men's Tan Suede Leather Zip Front Shirt Collar Casual Jacket,Chest Size=X-LARGE,,"1","FIXED_PRICE","CAD",219.99,,,,"0",,,"Jun-18-26 10:42:28 PDT","Oct-18-26 10:42:28 PDT","Coats, Jackets & Vests","57988","","","New with tags",,,,,"","CA","","",""
"158009798434",Men's Tan Suede Leather Zip Front Shirt Collar Casual Jacket,Chest Size=2X-LARGE,,"1","FIXED_PRICE","CAD",219.99,,,,"0",,,"Jun-18-26 10:42:28 PDT","Oct-18-26 10:42:28 PDT","Coats, Jackets & Vests","57988","","","New with tags",,,,,"","CA","","",""
"158009798434",Men's Tan Suede Leather Zip Front Shirt Collar Casual Jacket,Chest Size=3X-LARGE,,"1","FIXED_PRICE","CAD",219.99,,,,"0",,,"Jun-18-26 10:42:28 PDT","Oct-18-26 10:42:28 PDT","Coats, Jackets & Vests","57988","","","New with tags",,,,,"","CA","","",""
"158009798434",Men's Tan Suede Leather Zip Front Shirt Collar Casual Jacket,Chest Size=4X-LARGE,,"1","FIXED_PRICE","CAD",219.99,,,,"0",,,"Jun-18-26 10:42:28 PDT","Oct-18-26 10:42:28 PDT","Coats, Jackets & Vests","57988","","","New with tags",,,,,"","CA","","",""
"158009872145",Men's Olive Green Suede Leather Custom Pea Coat Double Breasted,Chest Size=XX-SMALL;X-SMALL;SMALL;MEDIUM;LARGE;X-LARGE;2X-LARGE;3X-LARGE;4X-LARGE,,"9","FIXED_PRICE","CAD",179.99,,,179.99,"0","3","0","Jun-18-26 11:26:54 PDT","Oct-18-26 11:26:54 PDT","Coats, Jackets & Vests","57988","","","New with tags","","","","","","CA","","",""
"158009872145",Men's Olive Green Suede Leather Custom Pea Coat Double Breasted,Chest Size=XX-SMALL,,"1","FIXED_PRICE","CAD",179.99,,,,"0",,,"Jun-18-26 11:26:54 PDT","Oct-18-26 11:26:54 PDT","Coats, Jackets & Vests","57988","","","New with tags",,,,,"","CA","","",""
"158009872145",Men's Olive Green Suede Leather Custom Pea Coat Double Breasted,Chest Size=X-SMALL,,"1","FIXED_PRICE","CAD",219.99,,,,"0",,,"Jun-18-26 11:26:54 PDT","Oct-18-26 11:26:54 PDT","Coats, Jackets & Vests","57988","","","New with tags",,,,,"","CA","","",""
"158009872145",Men's Olive Green Suede Leather Custom Pea Coat Double Breasted,Chest Size=SMALL,,"1","FIXED_PRICE","CAD",219.99,,,,"0",,,"Jun-18-26 11:26:54 PDT","Oct-18-26 11:26:54 PDT","Coats, Jackets & Vests","57988","","","New with tags",,,,,"","CA","","",""
"158009872145",Men's Olive Green Suede Leather Custom Pea Coat Double Breasted,Chest Size=MEDIUM,,"1","FIXED_PRICE","CAD",219.99,,,,"0",,,"Jun-18-26 11:26:54 PDT","Oct-18-26 11:26:54 PDT","Coats, Jackets & Vests","57988","","","New with tags",,,,,"","CA","","",""
"158009872145",Men's Olive Green Suede Leather Custom Pea Coat Double Breasted,Chest Size=LARGE,,"1","FIXED_PRICE","CAD",219.99,,,,"0",,,"Jun-18-26 11:26:54 PDT","Oct-18-26 11:26:54 PDT","Coats, Jackets & Vests","57988","","","New with tags",,,,,"","CA","","",""
"158009872145",Men's Olive Green Suede Leather Custom Pea Coat Double Breasted,Chest Size=X-LARGE,,"1","FIXED_PRICE","CAD",219.99,,,,"0",,,"Jun-18-26 11:26:54 PDT","Oct-18-26 11:26:54 PDT","Coats, Jackets & Vests","57988","","","New with tags",,,,,"","CA","","",""
"158009872145",Men's Olive Green Suede Leather Custom Pea Coat Double Breasted,Chest Size=2X-LARGE,,"1","FIXED_PRICE","CAD",219.99,,,,"0",,,"Jun-18-26 11:26:54 PDT","Oct-18-26 11:26:54 PDT","Coats, Jackets & Vests","57988","","","New with tags",,,,,"","CA","","",""
"158009872145",Men's Olive Green Suede Leather Custom Pea Coat Double Breasted,Chest Size=3X-LARGE,,"1","FIXED_PRICE","CAD",219.99,,,,"0",,,"Jun-18-26 11:26:54 PDT","Oct-18-26 11:26:54 PDT","Coats, Jackets & Vests","57988","","","New with tags",,,,,"","CA","","",""
"158009872145",Men's Olive Green Suede Leather Custom Pea Coat Double Breasted,Chest Size=4X-LARGE,,"1","FIXED_PRICE","CAD",219.99,,,,"0",,,"Jun-18-26 11:26:54 PDT","Oct-18-26 11:26:54 PDT","Coats, Jackets & Vests","57988","","","New with tags",,,,,"","CA","","",""
"158010174984",Men's Black Genuine Leather Motorcycle Biker Vest Custom Made Zip Lace Up,Chest Size=XX-SMALL;X-SMALL;SMALL;MEDIUM;LARGE;X-LARGE;2X-LARGE;3X-LARGE;4X-LARGE,,"9","FIXED_PRICE","CAD",179.99,,,179.99,"0","1","0","Jun-18-26 14:14:28 PDT","Oct-18-26 14:14:28 PDT","Coats, Jackets & Vests","57988","","","New with tags","","","","","","CA","","",""
"158010174984",Men's Black Genuine Leather Motorcycle Biker Vest Custom Made Zip Lace Up,Chest Size=XX-SMALL,,"1","FIXED_PRICE","CAD",179.99,,,,"0",,,"Jun-18-26 14:14:28 PDT","Oct-18-26 14:14:28 PDT","Coats, Jackets & Vests","57988","","","New with tags",,,,,"","CA","","",""
"158010174984",Men's Black Genuine Leather Motorcycle Biker Vest Custom Made Zip Lace Up,Chest Size=X-SMALL,,"1","FIXED_PRICE","CAD",219.99,,,,"0",,,"Jun-18-26 14:14:28 PDT","Oct-18-26 14:14:28 PDT","Coats, Jackets & Vests","57988","","","New with tags",,,,,"","CA","","",""
"158010174984",Men's Black Genuine Leather Motorcycle Biker Vest Custom Made Zip Lace Up,Chest Size=SMALL,,"1","FIXED_PRICE","CAD",219.99,,,,"0",,,"Jun-18-26 14:14:28 PDT","Oct-18-26 14:14:28 PDT","Coats, Jackets & Vests","57988","","","New with tags",,,,,"","CA","","",""
"158010174984",Men's Black Genuine Leather Motorcycle Biker Vest Custom Made Zip Lace Up,Chest Size=MEDIUM,,"1","FIXED_PRICE","CAD",219.99,,,,"0",,,"Jun-18-26 14:14:28 PDT","Oct-18-26 14:14:28 PDT","Coats, Jackets & Vests","57988","","","New with tags",,,,,"","CA","","",""
"158010174984",Men's Black Genuine Leather Motorcycle Biker Vest Custom Made Zip Lace Up,Chest Size=LARGE,,"1","FIXED_PRICE","CAD",219.99,,,,"0",,,"Jun-18-26 14:14:28 PDT","Oct-18-26 14:14:28 PDT","Coats, Jackets & Vests","57988","","","New with tags",,,,,"","CA","","",""
"158010174984",Men's Black Genuine Leather Motorcycle Biker Vest Custom Made Zip Lace Up,Chest Size=X-LARGE,,"1","FIXED_PRICE","CAD",219.99,,,,"0",,,"Jun-18-26 14:14:28 PDT","Oct-18-26 14:14:28 PDT","Coats, Jackets & Vests","57988","","","New with tags",,,,,"","CA","","",""
"158010174984",Men's Black Genuine Leather Motorcycle Biker Vest Custom Made Zip Lace Up,Chest Size=2X-LARGE,,"1","FIXED_PRICE","CAD",219.99,,,,"0",,,"Jun-18-26 14:14:28 PDT","Oct-18-26 14:14:28 PDT","Coats, Jackets & Vests","57988","","","New with tags",,,,,"","CA","","",""
"158010174984",Men's Black Genuine Leather Motorcycle Biker Vest Custom Made Zip Lace Up,Chest Size=3X-LARGE,,"1","FIXED_PRICE","CAD",219.99,,,,"0",,,"Jun-18-26 14:14:28 PDT","Oct-18-26 14:14:28 PDT","Coats, Jackets & Vests","57988","","","New with tags",,,,,"","CA","","",""
"158010174984",Men's Black Genuine Leather Motorcycle Biker Vest Custom Made Zip Lace Up,Chest Size=4X-LARGE,,"1","FIXED_PRICE","CAD",219.99,,,,"0",,,"Jun-18-26 14:14:28 PDT","Oct-18-26 14:14:28 PDT","Coats, Jackets & Vests","57988","","","New with tags",,,,,"","CA","","",""
"158010217885",Men's Black Genuine Leather Gothic Warrior Armor Style Jacket Custom Made,Chest Size=XX-SMALL;X-SMALL;SMALL;MEDIUM;LARGE;X-LARGE;2X-LARGE;3X-LARGE;4X-LARGE,,"9","FIXED_PRICE","CAD",219.62,,,219.62,"0","1","0","Jun-18-26 14:55:11 PDT","Oct-18-26 14:55:11 PDT","Coats, Jackets & Vests","57988","","","New with tags","","","","","","CA","","",""
"158010217885",Men's Black Genuine Leather Gothic Warrior Armor Style Jacket Custom Made,Chest Size=XX-SMALL,,"1","FIXED_PRICE","CAD",219.62,,,,"0",,,"Jun-18-26 14:55:11 PDT","Oct-18-26 14:55:11 PDT","Coats, Jackets & Vests","57988","","","New with tags",,,,,"","CA","","",""
"158010217885",Men's Black Genuine Leather Gothic Warrior Armor Style Jacket Custom Made,Chest Size=X-SMALL,,"1","FIXED_PRICE","CAD",219.62,,,,"0",,,"Jun-18-26 14:55:11 PDT","Oct-18-26 14:55:11 PDT","Coats, Jackets & Vests","57988","","","New with tags",,,,,"","CA","","",""
"158010217885",Men's Black Genuine Leather Gothic Warrior Armor Style Jacket Custom Made,Chest Size=SMALL,,"1","FIXED_PRICE","CAD",219.62,,,,"0",,,"Jun-18-26 14:55:11 PDT","Oct-18-26 14:55:11 PDT","Coats, Jackets & Vests","57988","","","New with tags",,,,,"","CA","","",""
"158010217885",Men's Black Genuine Leather Gothic Warrior Armor Style Jacket Custom Made,Chest Size=MEDIUM,,"1","FIXED_PRICE","CAD",219.62,,,,"0",,,"Jun-18-26 14:55:11 PDT","Oct-18-26 14:55:11 PDT","Coats, Jackets & Vests","57988","","","New with tags",,,,,"","CA","","",""
"158010217885",Men's Black Genuine Leather Gothic Warrior Armor Style Jacket Custom Made,Chest Size=LARGE,,"1","FIXED_PRICE","CAD",219.62,,,,"0",,,"Jun-18-26 14:55:11 PDT","Oct-18-26 14:55:11 PDT","Coats, Jackets & Vests","57988","","","New with tags",,,,,"","CA","","",""
"158010217885",Men's Black Genuine Leather Gothic Warrior Armor Style Jacket Custom Made,Chest Size=X-LARGE,,"1","FIXED_PRICE","CAD",219.62,,,,"0",,,"Jun-18-26 14:55:11 PDT","Oct-18-26 14:55:11 PDT","Coats, Jackets & Vests","57988","","","New with tags",,,,,"","CA","","",""
"158010217885",Men's Black Genuine Leather Gothic Warrior Armor Style Jacket Custom Made,Chest Size=2X-LARGE,,"1","FIXED_PRICE","CAD",219.62,,,,"0",,,"Jun-18-26 14:55:11 PDT","Oct-18-26 14:55:11 PDT","Coats, Jackets & Vests","57988","","","New with tags",,,,,"","CA","","",""
"158010217885",Men's Black Genuine Leather Gothic Warrior Armor Style Jacket Custom Made,Chest Size=3X-LARGE,,"1","FIXED_PRICE","CAD",219.62,,,,"0",,,"Jun-18-26 14:55:11 PDT","Oct-18-26 14:55:11 PDT","Coats, Jackets & Vests","57988","","","New with tags",,,,,"","CA","","",""
"158010217885",Men's Black Genuine Leather Gothic Warrior Armor Style Jacket Custom Made,Chest Size=4X-LARGE,,"1","FIXED_PRICE","CAD",219.62,,,,"0",,,"Jun-18-26 14:55:11 PDT","Oct-18-26 14:55:11 PDT","Coats, Jackets & Vests","57988","","","New with tags",,,,,"","CA","","",""
"158010322947",Men's Black Genuine Leather Western Duster Coat Long Cowboy Drover Custom,Chest Size=XX-SMALL;X-SMALL;SMALL;MEDIUM;LARGE;X-LARGE;2X-LARGE;3X-LARGE;4X-LARGE,,"8","FIXED_PRICE","CAD",298.0,,,298.0,"2","33","0","Jun-18-26 16:19:56 PDT","Oct-18-26 16:19:56 PDT","Coats, Jackets & Vests","57988","","","New with tags","","","","","","CA","","",""
"158010322947",Men's Black Genuine Leather Western Duster Coat Long Cowboy Drover Custom,Chest Size=XX-SMALL,,"1","FIXED_PRICE","CAD",298.0,,,,"0",,,"Jun-18-26 16:19:56 PDT","Oct-18-26 16:19:56 PDT","Coats, Jackets & Vests","57988","","","New with tags",,,,,"","CA","","",""
"158010322947",Men's Black Genuine Leather Western Duster Coat Long Cowboy Drover Custom,Chest Size=X-SMALL,,"1","FIXED_PRICE","CAD",298.0,,,,"0",,,"Jun-18-26 16:19:56 PDT","Oct-18-26 16:19:56 PDT","Coats, Jackets & Vests","57988","","","New with tags",,,,,"","CA","","",""
"158010322947",Men's Black Genuine Leather Western Duster Coat Long Cowboy Drover Custom,Chest Size=SMALL,,"1","FIXED_PRICE","CAD",298.0,,,,"0",,,"Jun-18-26 16:19:56 PDT","Oct-18-26 16:19:56 PDT","Coats, Jackets & Vests","57988","","","New with tags",,,,,"","CA","","",""
"158010322947",Men's Black Genuine Leather Western Duster Coat Long Cowboy Drover Custom,Chest Size=MEDIUM,,"1","FIXED_PRICE","CAD",298.0,,,,"0",,,"Jun-18-26 16:19:56 PDT","Oct-18-26 16:19:56 PDT","Coats, Jackets & Vests","57988","","","New with tags",,,,,"","CA","","",""
"158010322947",Men's Black Genuine Leather Western Duster Coat Long Cowboy Drover Custom,Chest Size=LARGE,,"1","FIXED_PRICE","CAD",298.0,,,,"0",,,"Jun-18-26 16:19:56 PDT","Oct-18-26 16:19:56 PDT","Coats, Jackets & Vests","57988","","","New with tags",,,,,"","CA","","",""
"158010322947",Men's Black Genuine Leather Western Duster Coat Long Cowboy Drover Custom,Chest Size=X-LARGE,,"1","FIXED_PRICE","CAD",298.0,,,,"0",,,"Jun-18-26 16:19:56 PDT","Oct-18-26 16:19:56 PDT","Coats, Jackets & Vests","57988","","","New with tags",,,,,"","CA","","",""
"158010322947",Men's Black Genuine Leather Western Duster Coat Long Cowboy Drover Custom,Chest Size=2X-LARGE,,"1","FIXED_PRICE","CAD",298.0,,,,"0",,,"Jun-18-26 16:19:56 PDT","Oct-18-26 16:19:56 PDT","Coats, Jackets & Vests","57988","","","New with tags",,,,,"","CA","","",""
"158010322947",Men's Black Genuine Leather Western Duster Coat Long Cowboy Drover Custom,Chest Size=3X-LARGE,,"0","FIXED_PRICE","CAD",298.0,,,,"1",,,"Jun-18-26 16:19:56 PDT","Oct-18-26 16:19:56 PDT","Coats, Jackets & Vests","57988","","","New with tags",,,,,"","CA","","",""
"158010322947",Men's Black Genuine Leather Western Duster Coat Long Cowboy Drover Custom,Chest Size=4X-LARGE,,"1","FIXED_PRICE","CAD",298.0,,,,"1",,,"Jun-18-26 16:19:56 PDT","Oct-18-26 16:19:56 PDT","Coats, Jackets & Vests","57988","","","New with tags",,,,,"","CA","","",""
"158011896623",Men's Black Genuine Leather Double Breasted Peacoat Faux Fur Collar Custom,Chest Size=XX-SMALL;X-SMALL;SMALL;MEDIUM;LARGE;X-LARGE;2X-LARGE;3X-LARGE;4X-LARGE,,"9","FIXED_PRICE","CAD",229.61,,,229.61,"0","1","0","Jun-19-26 11:39:49 PDT","Oct-19-26 11:39:49 PDT","Coats, Jackets & Vests","57988","","","New with tags","","","","","","CA","","",""
"158011896623",Men's Black Genuine Leather Double Breasted Peacoat Faux Fur Collar Custom,Chest Size=XX-SMALL,,"1","FIXED_PRICE","CAD",229.61,,,,"0",,,"Jun-19-26 11:39:49 PDT","Oct-19-26 11:39:49 PDT","Coats, Jackets & Vests","57988","","","New with tags",,,,,"","CA","","",""
"158011896623",Men's Black Genuine Leather Double Breasted Peacoat Faux Fur Collar Custom,Chest Size=X-SMALL,,"1","FIXED_PRICE","CAD",229.61,,,,"0",,,"Jun-19-26 11:39:49 PDT","Oct-19-26 11:39:49 PDT","Coats, Jackets & Vests","57988","","","New with tags",,,,,"","CA","","",""
"158011896623",Men's Black Genuine Leather Double Breasted Peacoat Faux Fur Collar Custom,Chest Size=SMALL,,"1","FIXED_PRICE","CAD",229.61,,,,"0",,,"Jun-19-26 11:39:49 PDT","Oct-19-26 11:39:49 PDT","Coats, Jackets & Vests","57988","","","New with tags",,,,,"","CA","","",""
"158011896623",Men's Black Genuine Leather Double Breasted Peacoat Faux Fur Collar Custom,Chest Size=MEDIUM,,"1","FIXED_PRICE","CAD",229.61,,,,"0",,,"Jun-19-26 11:39:49 PDT","Oct-19-26 11:39:49 PDT","Coats, Jackets & Vests","57988","","","New with tags",,,,,"","CA","","",""
"158011896623",Men's Black Genuine Leather Double Breasted Peacoat Faux Fur Collar Custom,Chest Size=LARGE,,"1","FIXED_PRICE","CAD",229.61,,,,"0",,,"Jun-19-26 11:39:49 PDT","Oct-19-26 11:39:49 PDT","Coats, Jackets & Vests","57988","","","New with tags",,,,,"","CA","","",""
"158011896623",Men's Black Genuine Leather Double Breasted Peacoat Faux Fur Collar Custom,Chest Size=X-LARGE,,"1","FIXED_PRICE","CAD",229.61,,,,"0",,,"Jun-19-26 11:39:49 PDT","Oct-19-26 11:39:49 PDT","Coats, Jackets & Vests","57988","","","New with tags",,,,,"","CA","","",""
"158011896623",Men's Black Genuine Leather Double Breasted Peacoat Faux Fur Collar Custom,Chest Size=2X-LARGE,,"1","FIXED_PRICE","CAD",229.61,,,,"0",,,"Jun-19-26 11:39:49 PDT","Oct-19-26 11:39:49 PDT","Coats, Jackets & Vests","57988","","","New with tags",,,,,"","CA","","",""
"158011896623",Men's Black Genuine Leather Double Breasted Peacoat Faux Fur Collar Custom,Chest Size=3X-LARGE,,"1","FIXED_PRICE","CAD",229.61,,,,"0",,,"Jun-19-26 11:39:49 PDT","Oct-19-26 11:39:49 PDT","Coats, Jackets & Vests","57988","","","New with tags",,,,,"","CA","","",""
"158011896623",Men's Black Genuine Leather Double Breasted Peacoat Faux Fur Collar Custom,Chest Size=4X-LARGE,,"1","FIXED_PRICE","CAD",229.61,,,,"0",,,"Jun-19-26 11:39:49 PDT","Oct-19-26 11:39:49 PDT","Coats, Jackets & Vests","57988","","","New with tags",,,,,"","CA","","",""
"158012143727",Men's Brown Genuine Leather Distressed Trench Duster Long Coat Custom Made,Chest Size=XX-SMALL;X-SMALL;SMALL;MEDIUM;LARGE;X-LARGE;2X-LARGE;3X-LARGE;4X-LARGE,,"9","FIXED_PRICE","CAD",249.99,,,249.99,"0","13","0","Jun-19-26 13:44:35 PDT","Oct-19-26 13:44:35 PDT","Coats, Jackets & Vests","57988","","","New with tags","","","","","","CA","","",""
"158012143727",Men's Brown Genuine Leather Distressed Trench Duster Long Coat Custom Made,Chest Size=XX-SMALL,,"1","FIXED_PRICE","CAD",249.99,,,,"0",,,"Jun-19-26 13:44:35 PDT","Oct-19-26 13:44:35 PDT","Coats, Jackets & Vests","57988","","","New with tags",,,,,"","CA","","",""
"158012143727",Men's Brown Genuine Leather Distressed Trench Duster Long Coat Custom Made,Chest Size=X-SMALL,,"1","FIXED_PRICE","CAD",249.99,,,,"0",,,"Jun-19-26 13:44:35 PDT","Oct-19-26 13:44:35 PDT","Coats, Jackets & Vests","57988","","","New with tags",,,,,"","CA","","",""
"158012143727",Men's Brown Genuine Leather Distressed Trench Duster Long Coat Custom Made,Chest Size=SMALL,,"1","FIXED_PRICE","CAD",249.99,,,,"0",,,"Jun-19-26 13:44:35 PDT","Oct-19-26 13:44:35 PDT","Coats, Jackets & Vests","57988","","","New with tags",,,,,"","CA","","",""
"158012143727",Men's Brown Genuine Leather Distressed Trench Duster Long Coat Custom Made,Chest Size=MEDIUM,,"1","FIXED_PRICE","CAD",249.99,,,,"0",,,"Jun-19-26 13:44:35 PDT","Oct-19-26 13:44:35 PDT","Coats, Jackets & Vests","57988","","","New with tags",,,,,"","CA","","",""
"158012143727",Men's Brown Genuine Leather Distressed Trench Duster Long Coat Custom Made,Chest Size=LARGE,,"1","FIXED_PRICE","CAD",249.99,,,,"0",,,"Jun-19-26 13:44:35 PDT","Oct-19-26 13:44:35 PDT","Coats, Jackets & Vests","57988","","","New with tags",,,,,"","CA","","",""
"158012143727",Men's Brown Genuine Leather Distressed Trench Duster Long Coat Custom Made,Chest Size=X-LARGE,,"1","FIXED_PRICE","CAD",249.99,,,,"0",,,"Jun-19-26 13:44:35 PDT","Oct-19-26 13:44:35 PDT","Coats, Jackets & Vests","57988","","","New with tags",,,,,"","CA","","",""
"158012143727",Men's Brown Genuine Leather Distressed Trench Duster Long Coat Custom Made,Chest Size=2X-LARGE,,"1","FIXED_PRICE","CAD",249.99,,,,"0",,,"Jun-19-26 13:44:35 PDT","Oct-19-26 13:44:35 PDT","Coats, Jackets & Vests","57988","","","New with tags",,,,,"","CA","","",""
"158012143727",Men's Brown Genuine Leather Distressed Trench Duster Long Coat Custom Made,Chest Size=3X-LARGE,,"1","FIXED_PRICE","CAD",249.99,,,,"0",,,"Jun-19-26 13:44:35 PDT","Oct-19-26 13:44:35 PDT","Coats, Jackets & Vests","57988","","","New with tags",,,,,"","CA","","",""
"158012143727",Men's Brown Genuine Leather Distressed Trench Duster Long Coat Custom Made,Chest Size=4X-LARGE,,"1","FIXED_PRICE","CAD",249.99,,,,"0",,,"Jun-19-26 13:44:35 PDT","Oct-19-26 13:44:35 PDT","Coats, Jackets & Vests","57988","","","New with tags",,,,,"","CA","","",""
"158012214272","Michael 2026 Jaafar Jackson Blue Military Jacket, Men Formal Coat",Chest Size=XX-SMALL;X-SMALL;SMALL;MEDIUM;LARGE;X-LARGE;2X-LARGE;3X-LARGE;4X-LARGE,,"9","FIXED_PRICE","CAD",169.99,,,169.99,"0","7","0","Jun-19-26 14:32:22 PDT","Oct-19-26 14:32:22 PDT","Coats, Jackets & Vests","57988","","","New with tags","","","","","","CA","","",""
"158012214272","Michael 2026 Jaafar Jackson Blue Military Jacket, Men Formal Coat",Chest Size=XX-SMALL,,"1","FIXED_PRICE","CAD",169.99,,,,"0",,,"Jun-19-26 14:32:22 PDT","Oct-19-26 14:32:22 PDT","Coats, Jackets & Vests","57988","","","New with tags",,,,,"","CA","","",""
"158012214272","Michael 2026 Jaafar Jackson Blue Military Jacket, Men Formal Coat",Chest Size=X-SMALL,,"1","FIXED_PRICE","CAD",169.99,,,,"0",,,"Jun-19-26 14:32:22 PDT","Oct-19-26 14:32:22 PDT","Coats, Jackets & Vests","57988","","","New with tags",,,,,"","CA","","",""
"158012214272","Michael 2026 Jaafar Jackson Blue Military Jacket, Men Formal Coat",Chest Size=SMALL,,"1","FIXED_PRICE","CAD",169.99,,,,"0",,,"Jun-19-26 14:32:22 PDT","Oct-19-26 14:32:22 PDT","Coats, Jackets & Vests","57988","","","New with tags",,,,,"","CA","","",""
"158012214272","Michael 2026 Jaafar Jackson Blue Military Jacket, Men Formal Coat",Chest Size=MEDIUM,,"1","FIXED_PRICE","CAD",169.99,,,,"0",,,"Jun-19-26 14:32:22 PDT","Oct-19-26 14:32:22 PDT","Coats, Jackets & Vests","57988","","","New with tags",,,,,"","CA","","",""
"158012214272","Michael 2026 Jaafar Jackson Blue Military Jacket, Men Formal Coat",Chest Size=LARGE,,"1","FIXED_PRICE","CAD",169.99,,,,"0",,,"Jun-19-26 14:32:22 PDT","Oct-19-26 14:32:22 PDT","Coats, Jackets & Vests","57988","","","New with tags",,,,,"","CA","","",""
"158012214272","Michael 2026 Jaafar Jackson Blue Military Jacket, Men Formal Coat",Chest Size=X-LARGE,,"1","FIXED_PRICE","CAD",169.99,,,,"0",,,"Jun-19-26 14:32:22 PDT","Oct-19-26 14:32:22 PDT","Coats, Jackets & Vests","57988","","","New with tags",,,,,"","CA","","",""
"158012214272","Michael 2026 Jaafar Jackson Blue Military Jacket, Men Formal Coat",Chest Size=2X-LARGE,,"1","FIXED_PRICE","CAD",169.99,,,,"0",,,"Jun-19-26 14:32:22 PDT","Oct-19-26 14:32:22 PDT","Coats, Jackets & Vests","57988","","","New with tags",,,,,"","CA","","",""
"158012214272","Michael 2026 Jaafar Jackson Blue Military Jacket, Men Formal Coat",Chest Size=3X-LARGE,,"1","FIXED_PRICE","CAD",169.99,,,,"0",,,"Jun-19-26 14:32:22 PDT","Oct-19-26 14:32:22 PDT","Coats, Jackets & Vests","57988","","","New with tags",,,,,"","CA","","",""
"158012214272","Michael 2026 Jaafar Jackson Blue Military Jacket, Men Formal Coat",Chest Size=4X-LARGE,,"1","FIXED_PRICE","CAD",169.99,,,,"0",,,"Jun-19-26 14:32:22 PDT","Oct-19-26 14:32:22 PDT","Coats, Jackets & Vests","57988","","","New with tags",,,,,"","CA","","",""
"158012550748",Men's Blue Gold Leather Cosplay Jacket 33 Stand Collar Ribbed Custom Made,Chest Size=XX-SMALL;X-SMALL;SMALL;MEDIUM;LARGE;X-LARGE;2X-LARGE;3X-LARGE;4X-LARGE,,"9","FIXED_PRICE","CAD",229.99,,,229.99,"0","1","0","Jun-19-26 18:26:23 PDT","Oct-19-26 18:26:23 PDT","Coats, Jackets & Vests","57988","","","New with tags","","","","","","CA","","",""
"158012550748",Men's Blue Gold Leather Cosplay Jacket 33 Stand Collar Ribbed Custom Made,Chest Size=XX-SMALL,,"1","FIXED_PRICE","CAD",229.99,,,,"0",,,"Jun-19-26 18:26:23 PDT","Oct-19-26 18:26:23 PDT","Coats, Jackets & Vests","57988","","","New with tags",,,,,"","CA","","",""
"158012550748",Men's Blue Gold Leather Cosplay Jacket 33 Stand Collar Ribbed Custom Made,Chest Size=X-SMALL,,"1","FIXED_PRICE","CAD",229.99,,,,"0",,,"Jun-19-26 18:26:23 PDT","Oct-19-26 18:26:23 PDT","Coats, Jackets & Vests","57988","","","New with tags",,,,,"","CA","","",""
"158012550748",Men's Blue Gold Leather Cosplay Jacket 33 Stand Collar Ribbed Custom Made,Chest Size=SMALL,,"1","FIXED_PRICE","CAD",229.99,,,,"0",,,"Jun-19-26 18:26:23 PDT","Oct-19-26 18:26:23 PDT","Coats, Jackets & Vests","57988","","","New with tags",,,,,"","CA","","",""
"158012550748",Men's Blue Gold Leather Cosplay Jacket 33 Stand Collar Ribbed Custom Made,Chest Size=MEDIUM,,"1","FIXED_PRICE","CAD",229.99,,,,"0",,,"Jun-19-26 18:26:23 PDT","Oct-19-26 18:26:23 PDT","Coats, Jackets & Vests","57988","","","New with tags",,,,,"","CA","","",""
"158012550748",Men's Blue Gold Leather Cosplay Jacket 33 Stand Collar Ribbed Custom Made,Chest Size=LARGE,,"1","FIXED_PRICE","CAD",229.99,,,,"0",,,"Jun-19-26 18:26:23 PDT","Oct-19-26 18:26:23 PDT","Coats, Jackets & Vests","57988","","","New with tags",,,,,"","CA","","",""
"158012550748",Men's Blue Gold Leather Cosplay Jacket 33 Stand Collar Ribbed Custom Made,Chest Size=X-LARGE,,"1","FIXED_PRICE","CAD",229.99,,,,"0",,,"Jun-19-26 18:26:23 PDT","Oct-19-26 18:26:23 PDT","Coats, Jackets & Vests","57988","","","New with tags",,,,,"","CA","","",""
"158012550748",Men's Blue Gold Leather Cosplay Jacket 33 Stand Collar Ribbed Custom Made,Chest Size=2X-LARGE,,"1","FIXED_PRICE","CAD",229.99,,,,"0",,,"Jun-19-26 18:26:23 PDT","Oct-19-26 18:26:23 PDT","Coats, Jackets & Vests","57988","","","New with tags",,,,,"","CA","","",""
"158012550748",Men's Blue Gold Leather Cosplay Jacket 33 Stand Collar Ribbed Custom Made,Chest Size=3X-LARGE,,"1","FIXED_PRICE","CAD",229.99,,,,"0",,,"Jun-19-26 18:26:23 PDT","Oct-19-26 18:26:23 PDT","Coats, Jackets & Vests","57988","","","New with tags",,,,,"","CA","","",""
"158012550748",Men's Blue Gold Leather Cosplay Jacket 33 Stand Collar Ribbed Custom Made,Chest Size=4X-LARGE,,"1","FIXED_PRICE","CAD",229.99,,,,"0",,,"Jun-19-26 18:26:23 PDT","Oct-19-26 18:26:23 PDT","Coats, Jackets & Vests","57988","","","New with tags",,,,,"","CA","","",""
"158015187806",Men's Black Skull Tactical Cosplay Vest Adjustable Straps Kodra Costume Armor,Chest Size=XX-SMALL;X-SMALL;SMALL;MEDIUM;LARGE;X-LARGE;2X-LARGE;3X-LARGE;4X-LARGE,,"9","FIXED_PRICE","CAD",199.99,,,199.99,"0","","","Jun-21-26 03:44:10 PDT","Oct-21-26 03:44:10 PDT","Coats, Jackets & Vests","57988","","","New with tags","","","","","","CA","","",""
"158015187806",Men's Black Skull Tactical Cosplay Vest Adjustable Straps Kodra Costume Armor,Chest Size=XX-SMALL,,"1","FIXED_PRICE","CAD",199.99,,,,"0",,,"Jun-21-26 03:44:10 PDT","Oct-21-26 03:44:10 PDT","Coats, Jackets & Vests","57988","","","New with tags",,,,,"","CA","","",""
"158015187806",Men's Black Skull Tactical Cosplay Vest Adjustable Straps Kodra Costume Armor,Chest Size=X-SMALL,,"1","FIXED_PRICE","CAD",199.99,,,,"0",,,"Jun-21-26 03:44:10 PDT","Oct-21-26 03:44:10 PDT","Coats, Jackets & Vests","57988","","","New with tags",,,,,"","CA","","",""
"158015187806",Men's Black Skull Tactical Cosplay Vest Adjustable Straps Kodra Costume Armor,Chest Size=SMALL,,"1","FIXED_PRICE","CAD",199.99,,,,"0",,,"Jun-21-26 03:44:10 PDT","Oct-21-26 03:44:10 PDT","Coats, Jackets & Vests","57988","","","New with tags",,,,,"","CA","","",""
"158015187806",Men's Black Skull Tactical Cosplay Vest Adjustable Straps Kodra Costume Armor,Chest Size=MEDIUM,,"1","FIXED_PRICE","CAD",199.99,,,,"0",,,"Jun-21-26 03:44:10 PDT","Oct-21-26 03:44:10 PDT","Coats, Jackets & Vests","57988","","","New with tags",,,,,"","CA","","",""
"158015187806",Men's Black Skull Tactical Cosplay Vest Adjustable Straps Kodra Costume Armor,Chest Size=LARGE,,"1","FIXED_PRICE","CAD",199.99,,,,"0",,,"Jun-21-26 03:44:10 PDT","Oct-21-26 03:44:10 PDT","Coats, Jackets & Vests","57988","","","New with tags",,,,,"","CA","","",""
"158015187806",Men's Black Skull Tactical Cosplay Vest Adjustable Straps Kodra Costume Armor,Chest Size=X-LARGE,,"1","FIXED_PRICE","CAD",199.99,,,,"0",,,"Jun-21-26 03:44:10 PDT","Oct-21-26 03:44:10 PDT","Coats, Jackets & Vests","57988","","","New with tags",,,,,"","CA","","",""
"158015187806",Men's Black Skull Tactical Cosplay Vest Adjustable Straps Kodra Costume Armor,Chest Size=2X-LARGE,,"1","FIXED_PRICE","CAD",199.99,,,,"0",,,"Jun-21-26 03:44:10 PDT","Oct-21-26 03:44:10 PDT","Coats, Jackets & Vests","57988","","","New with tags",,,,,"","CA","","",""
"158015187806",Men's Black Skull Tactical Cosplay Vest Adjustable Straps Kodra Costume Armor,Chest Size=3X-LARGE,,"1","FIXED_PRICE","CAD",199.99,,,,"0",,,"Jun-21-26 03:44:10 PDT","Oct-21-26 03:44:10 PDT","Coats, Jackets & Vests","57988","","","New with tags",,,,,"","CA","","",""
"158015187806",Men's Black Skull Tactical Cosplay Vest Adjustable Straps Kodra Costume Armor,Chest Size=4X-LARGE,,"1","FIXED_PRICE","CAD",199.99,,,,"0",,,"Jun-21-26 03:44:10 PDT","Oct-21-26 03:44:10 PDT","Coats, Jackets & Vests","57988","","","New with tags",,,,,"","CA","","",""
"158021513973",Men's Brown Real Suede Leather Biker Motorcycle Jacket Belted Cross Zip,Chest Size=XX-SMALL;X-SMALL;SMALL;MEDIUM;LARGE;X-LARGE;2X-LARGE;3X-LARGE;4X-LARGE,,"9","FIXED_PRICE","CAD",199.99,,,199.99,"0","2","0","Jun-23-26 18:53:12 PDT","Sep-23-26 18:53:12 PDT","Coats, Jackets & Vests","57988","","","New with tags","","","","","","CA","","",""
"158021513973",Men's Brown Real Suede Leather Biker Motorcycle Jacket Belted Cross Zip,Chest Size=XX-SMALL,,"1","FIXED_PRICE","CAD",199.99,,,,"0",,,"Jun-23-26 18:53:12 PDT","Sep-23-26 18:53:12 PDT","Coats, Jackets & Vests","57988","","","New with tags",,,,,"","CA","","",""
"158021513973",Men's Brown Real Suede Leather Biker Motorcycle Jacket Belted Cross Zip,Chest Size=X-SMALL,,"1","FIXED_PRICE","CAD",249.99,,,,"0",,,"Jun-23-26 18:53:12 PDT","Sep-23-26 18:53:12 PDT","Coats, Jackets & Vests","57988","","","New with tags",,,,,"","CA","","",""
"158021513973",Men's Brown Real Suede Leather Biker Motorcycle Jacket Belted Cross Zip,Chest Size=SMALL,,"1","FIXED_PRICE","CAD",249.99,,,,"0",,,"Jun-23-26 18:53:12 PDT","Sep-23-26 18:53:12 PDT","Coats, Jackets & Vests","57988","","","New with tags",,,,,"","CA","","",""
"158021513973",Men's Brown Real Suede Leather Biker Motorcycle Jacket Belted Cross Zip,Chest Size=MEDIUM,,"1","FIXED_PRICE","CAD",249.99,,,,"0",,,"Jun-23-26 18:53:12 PDT","Sep-23-26 18:53:12 PDT","Coats, Jackets & Vests","57988","","","New with tags",,,,,"","CA","","",""
"158021513973",Men's Brown Real Suede Leather Biker Motorcycle Jacket Belted Cross Zip,Chest Size=LARGE,,"1","FIXED_PRICE","CAD",249.99,,,,"0",,,"Jun-23-26 18:53:12 PDT","Sep-23-26 18:53:12 PDT","Coats, Jackets & Vests","57988","","","New with tags",,,,,"","CA","","",""
"158021513973",Men's Brown Real Suede Leather Biker Motorcycle Jacket Belted Cross Zip,Chest Size=X-LARGE,,"1","FIXED_PRICE","CAD",249.99,,,,"0",,,"Jun-23-26 18:53:12 PDT","Sep-23-26 18:53:12 PDT","Coats, Jackets & Vests","57988","","","New with tags",,,,,"","CA","","",""
"158021513973",Men's Brown Real Suede Leather Biker Motorcycle Jacket Belted Cross Zip,Chest Size=2X-LARGE,,"1","FIXED_PRICE","CAD",249.99,,,,"0",,,"Jun-23-26 18:53:12 PDT","Sep-23-26 18:53:12 PDT","Coats, Jackets & Vests","57988","","","New with tags",,,,,"","CA","","",""
"158021513973",Men's Brown Real Suede Leather Biker Motorcycle Jacket Belted Cross Zip,Chest Size=3X-LARGE,,"1","FIXED_PRICE","CAD",249.99,,,,"0",,,"Jun-23-26 18:53:12 PDT","Sep-23-26 18:53:12 PDT","Coats, Jackets & Vests","57988","","","New with tags",,,,,"","CA","","",""
"158021513973",Men's Brown Real Suede Leather Biker Motorcycle Jacket Belted Cross Zip,Chest Size=4X-LARGE,,"1","FIXED_PRICE","CAD",249.99,,,,"0",,,"Jun-23-26 18:53:12 PDT","Sep-23-26 18:53:12 PDT","Coats, Jackets & Vests","57988","","","New with tags",,,,,"","CA","","",""
"158021569504",Men Brown Suede Leather Bomber Jacket Shearling Collar Aviator Coat,Chest Size=XX-SMALL;X-SMALL;SMALL;MEDIUM;LARGE;X-LARGE;2X-LARGE;3X-LARGE;4X-LARGE,,"9","FIXED_PRICE","CAD",179.99,,,179.99,"0","1","0","Jun-23-26 19:23:17 PDT","Sep-23-26 19:23:17 PDT","Coats, Jackets & Vests","57988","","","New with tags","","","","","","CA","","",""
"158021569504",Men Brown Suede Leather Bomber Jacket Shearling Collar Aviator Coat,Chest Size=XX-SMALL,,"1","FIXED_PRICE","CAD",179.99,,,,"0",,,"Jun-23-26 19:23:17 PDT","Sep-23-26 19:23:17 PDT","Coats, Jackets & Vests","57988","","","New with tags",,,,,"","CA","","",""
"158021569504",Men Brown Suede Leather Bomber Jacket Shearling Collar Aviator Coat,Chest Size=X-SMALL,,"1","FIXED_PRICE","CAD",219.99,,,,"0",,,"Jun-23-26 19:23:17 PDT","Sep-23-26 19:23:17 PDT","Coats, Jackets & Vests","57988","","","New with tags",,,,,"","CA","","",""
"158021569504",Men Brown Suede Leather Bomber Jacket Shearling Collar Aviator Coat,Chest Size=SMALL,,"1","FIXED_PRICE","CAD",219.99,,,,"0",,,"Jun-23-26 19:23:17 PDT","Sep-23-26 19:23:17 PDT","Coats, Jackets & Vests","57988","","","New with tags",,,,,"","CA","","",""
"158021569504",Men Brown Suede Leather Bomber Jacket Shearling Collar Aviator Coat,Chest Size=MEDIUM,,"1","FIXED_PRICE","CAD",219.99,,,,"0",,,"Jun-23-26 19:23:17 PDT","Sep-23-26 19:23:17 PDT","Coats, Jackets & Vests","57988","","","New with tags",,,,,"","CA","","",""
"158021569504",Men Brown Suede Leather Bomber Jacket Shearling Collar Aviator Coat,Chest Size=LARGE,,"1","FIXED_PRICE","CAD",219.99,,,,"0",,,"Jun-23-26 19:23:17 PDT","Sep-23-26 19:23:17 PDT","Coats, Jackets & Vests","57988","","","New with tags",,,,,"","CA","","",""
"158021569504",Men Brown Suede Leather Bomber Jacket Shearling Collar Aviator Coat,Chest Size=X-LARGE,,"1","FIXED_PRICE","CAD",219.99,,,,"0",,,"Jun-23-26 19:23:17 PDT","Sep-23-26 19:23:17 PDT","Coats, Jackets & Vests","57988","","","New with tags",,,,,"","CA","","",""
"158021569504",Men Brown Suede Leather Bomber Jacket Shearling Collar Aviator Coat,Chest Size=2X-LARGE,,"1","FIXED_PRICE","CAD",219.99,,,,"0",,,"Jun-23-26 19:23:17 PDT","Sep-23-26 19:23:17 PDT","Coats, Jackets & Vests","57988","","","New with tags",,,,,"","CA","","",""
"158021569504",Men Brown Suede Leather Bomber Jacket Shearling Collar Aviator Coat,Chest Size=3X-LARGE,,"1","FIXED_PRICE","CAD",219.99,,,,"0",,,"Jun-23-26 19:23:17 PDT","Sep-23-26 19:23:17 PDT","Coats, Jackets & Vests","57988","","","New with tags",,,,,"","CA","","",""
"158021569504",Men Brown Suede Leather Bomber Jacket Shearling Collar Aviator Coat,Chest Size=4X-LARGE,,"1","FIXED_PRICE","CAD",219.99,,,,"0",,,"Jun-23-26 19:23:17 PDT","Sep-23-26 19:23:17 PDT","Coats, Jackets & Vests","57988","","","New with tags",,,,,"","CA","","",""
"158021641843",Men's Black Label Society BLS Cowhide Leather Biker Vest Skull Patches Lace-Up,Chest Size=XX-SMALL;X-SMALL;SMALL;MEDIUM;LARGE;X-LARGE;2X-LARGE;3X-LARGE;4X-LARGE,,"9","FIXED_PRICE","CAD",159.99,,,159.99,"0","5","0","Jun-23-26 19:52:19 PDT","Sep-23-26 19:52:19 PDT","Coats, Jackets & Vests","57988","","","New with tags","","","","","","CA","","",""
"158021641843",Men's Black Label Society BLS Cowhide Leather Biker Vest Skull Patches Lace-Up,Chest Size=XX-SMALL,,"1","FIXED_PRICE","CAD",159.99,,,,"0",,,"Jun-23-26 19:52:19 PDT","Sep-23-26 19:52:19 PDT","Coats, Jackets & Vests","57988","","","New with tags",,,,,"","CA","","",""
"158021641843",Men's Black Label Society BLS Cowhide Leather Biker Vest Skull Patches Lace-Up,Chest Size=X-SMALL,,"1","FIXED_PRICE","CAD",159.99,,,,"0",,,"Jun-23-26 19:52:19 PDT","Sep-23-26 19:52:19 PDT","Coats, Jackets & Vests","57988","","","New with tags",,,,,"","CA","","",""
"158021641843",Men's Black Label Society BLS Cowhide Leather Biker Vest Skull Patches Lace-Up,Chest Size=SMALL,,"1","FIXED_PRICE","CAD",159.99,,,,"0",,,"Jun-23-26 19:52:19 PDT","Sep-23-26 19:52:19 PDT","Coats, Jackets & Vests","57988","","","New with tags",,,,,"","CA","","",""
"158021641843",Men's Black Label Society BLS Cowhide Leather Biker Vest Skull Patches Lace-Up,Chest Size=MEDIUM,,"1","FIXED_PRICE","CAD",159.99,,,,"0",,,"Jun-23-26 19:52:19 PDT","Sep-23-26 19:52:19 PDT","Coats, Jackets & Vests","57988","","","New with tags",,,,,"","CA","","",""
"158021641843",Men's Black Label Society BLS Cowhide Leather Biker Vest Skull Patches Lace-Up,Chest Size=LARGE,,"1","FIXED_PRICE","CAD",159.99,,,,"0",,,"Jun-23-26 19:52:19 PDT","Sep-23-26 19:52:19 PDT","Coats, Jackets & Vests","57988","","","New with tags",,,,,"","CA","","",""
"158021641843",Men's Black Label Society BLS Cowhide Leather Biker Vest Skull Patches Lace-Up,Chest Size=X-LARGE,,"1","FIXED_PRICE","CAD",159.99,,,,"0",,,"Jun-23-26 19:52:19 PDT","Sep-23-26 19:52:19 PDT","Coats, Jackets & Vests","57988","","","New with tags",,,,,"","CA","","",""
"158021641843",Men's Black Label Society BLS Cowhide Leather Biker Vest Skull Patches Lace-Up,Chest Size=2X-LARGE,,"1","FIXED_PRICE","CAD",159.99,,,,"0",,,"Jun-23-26 19:52:19 PDT","Sep-23-26 19:52:19 PDT","Coats, Jackets & Vests","57988","","","New with tags",,,,,"","CA","","",""
"158021641843",Men's Black Label Society BLS Cowhide Leather Biker Vest Skull Patches Lace-Up,Chest Size=3X-LARGE,,"1","FIXED_PRICE","CAD",159.99,,,,"0",,,"Jun-23-26 19:52:19 PDT","Sep-23-26 19:52:19 PDT","Coats, Jackets & Vests","57988","","","New with tags",,,,,"","CA","","",""
"158021641843",Men's Black Label Society BLS Cowhide Leather Biker Vest Skull Patches Lace-Up,Chest Size=4X-LARGE,,"1","FIXED_PRICE","CAD",159.99,,,,"0",,,"Jun-23-26 19:52:19 PDT","Sep-23-26 19:52:19 PDT","Coats, Jackets & Vests","57988","","","New with tags",,,,,"","CA","","",""
"158023265176",Men's Black Leather Cafe Racer Jacket Motorcycle Biker Slim Fit Custom Made,Chest Size=XX-SMALL;X-SMALL;SMALL;MEDIUM;LARGE;X-LARGE;2X-LARGE;3X-LARGE;4X-LARGE,,"9","FIXED_PRICE","CAD",187.11,,,187.11,"0","1","0","Jun-24-26 08:07:36 PDT","Sep-24-26 08:07:36 PDT","Coats, Jackets & Vests","57988","","","New with tags","","","","","","CA","","",""
"158023265176",Men's Black Leather Cafe Racer Jacket Motorcycle Biker Slim Fit Custom Made,Chest Size=XX-SMALL,,"1","FIXED_PRICE","CAD",187.11,,,,"0",,,"Jun-24-26 08:07:36 PDT","Sep-24-26 08:07:36 PDT","Coats, Jackets & Vests","57988","","","New with tags",,,,,"","CA","","",""
"158023265176",Men's Black Leather Cafe Racer Jacket Motorcycle Biker Slim Fit Custom Made,Chest Size=X-SMALL,,"1","FIXED_PRICE","CAD",187.11,,,,"0",,,"Jun-24-26 08:07:36 PDT","Sep-24-26 08:07:36 PDT","Coats, Jackets & Vests","57988","","","New with tags",,,,,"","CA","","",""
"158023265176",Men's Black Leather Cafe Racer Jacket Motorcycle Biker Slim Fit Custom Made,Chest Size=SMALL,,"1","FIXED_PRICE","CAD",187.11,,,,"0",,,"Jun-24-26 08:07:36 PDT","Sep-24-26 08:07:36 PDT","Coats, Jackets & Vests","57988","","","New with tags",,,,,"","CA","","",""
"158023265176",Men's Black Leather Cafe Racer Jacket Motorcycle Biker Slim Fit Custom Made,Chest Size=MEDIUM,,"1","FIXED_PRICE","CAD",187.11,,,,"0",,,"Jun-24-26 08:07:36 PDT","Sep-24-26 08:07:36 PDT","Coats, Jackets & Vests","57988","","","New with tags",,,,,"","CA","","",""
"158023265176",Men's Black Leather Cafe Racer Jacket Motorcycle Biker Slim Fit Custom Made,Chest Size=LARGE,,"1","FIXED_PRICE","CAD",187.11,,,,"0",,,"Jun-24-26 08:07:36 PDT","Sep-24-26 08:07:36 PDT","Coats, Jackets & Vests","57988","","","New with tags",,,,,"","CA","","",""
"158023265176",Men's Black Leather Cafe Racer Jacket Motorcycle Biker Slim Fit Custom Made,Chest Size=X-LARGE,,"1","FIXED_PRICE","CAD",187.11,,,,"0",,,"Jun-24-26 08:07:36 PDT","Sep-24-26 08:07:36 PDT","Coats, Jackets & Vests","57988","","","New with tags",,,,,"","CA","","",""
"158023265176",Men's Black Leather Cafe Racer Jacket Motorcycle Biker Slim Fit Custom Made,Chest Size=2X-LARGE,,"1","FIXED_PRICE","CAD",187.11,,,,"0",,,"Jun-24-26 08:07:36 PDT","Sep-24-26 08:07:36 PDT","Coats, Jackets & Vests","57988","","","New with tags",,,,,"","CA","","",""
"158023265176",Men's Black Leather Cafe Racer Jacket Motorcycle Biker Slim Fit Custom Made,Chest Size=3X-LARGE,,"1","FIXED_PRICE","CAD",187.11,,,,"0",,,"Jun-24-26 08:07:36 PDT","Sep-24-26 08:07:36 PDT","Coats, Jackets & Vests","57988","","","New with tags",,,,,"","CA","","",""
"158023265176",Men's Black Leather Cafe Racer Jacket Motorcycle Biker Slim Fit Custom Made,Chest Size=4X-LARGE,,"1","FIXED_PRICE","CAD",187.11,,,,"0",,,"Jun-24-26 08:07:36 PDT","Sep-24-26 08:07:36 PDT","Coats, Jackets & Vests","57988","","","New with tags",,,,,"","CA","","",""
"158023339831",Men’s Black Red Leather Biker Jacket Motorcycle Brando Slim Fit Custom Made,Chest Size=XX-SMALL;X-SMALL;SMALL;MEDIUM;LARGE;X-LARGE;2X-LARGE;3X-LARGE;4X-LARGE,,"9","FIXED_PRICE","CAD",186.09,,,186.09,"0","3","0","Jun-24-26 08:49:54 PDT","Sep-24-26 08:49:54 PDT","Coats, Jackets & Vests","57988","","","New with tags","","","","","","CA","","",""
"158023339831",Men’s Black Red Leather Biker Jacket Motorcycle Brando Slim Fit Custom Made,Chest Size=XX-SMALL,,"1","FIXED_PRICE","CAD",186.09,,,,"0",,,"Jun-24-26 08:49:54 PDT","Sep-24-26 08:49:54 PDT","Coats, Jackets & Vests","57988","","","New with tags",,,,,"","CA","","",""
"158023339831",Men’s Black Red Leather Biker Jacket Motorcycle Brando Slim Fit Custom Made,Chest Size=X-SMALL,,"1","FIXED_PRICE","CAD",186.09,,,,"0",,,"Jun-24-26 08:49:54 PDT","Sep-24-26 08:49:54 PDT","Coats, Jackets & Vests","57988","","","New with tags",,,,,"","CA","","",""
"158023339831",Men’s Black Red Leather Biker Jacket Motorcycle Brando Slim Fit Custom Made,Chest Size=SMALL,,"1","FIXED_PRICE","CAD",186.09,,,,"0",,,"Jun-24-26 08:49:54 PDT","Sep-24-26 08:49:54 PDT","Coats, Jackets & Vests","57988","","","New with tags",,,,,"","CA","","",""
"158023339831",Men’s Black Red Leather Biker Jacket Motorcycle Brando Slim Fit Custom Made,Chest Size=MEDIUM,,"1","FIXED_PRICE","CAD",186.09,,,,"0",,,"Jun-24-26 08:49:54 PDT","Sep-24-26 08:49:54 PDT","Coats, Jackets & Vests","57988","","","New with tags",,,,,"","CA","","",""
"158023339831",Men’s Black Red Leather Biker Jacket Motorcycle Brando Slim Fit Custom Made,Chest Size=LARGE,,"1","FIXED_PRICE","CAD",186.09,,,,"0",,,"Jun-24-26 08:49:54 PDT","Sep-24-26 08:49:54 PDT","Coats, Jackets & Vests","57988","","","New with tags",,,,,"","CA","","",""
"158023339831",Men’s Black Red Leather Biker Jacket Motorcycle Brando Slim Fit Custom Made,Chest Size=X-LARGE,,"1","FIXED_PRICE","CAD",186.09,,,,"0",,,"Jun-24-26 08:49:54 PDT","Sep-24-26 08:49:54 PDT","Coats, Jackets & Vests","57988","","","New with tags",,,,,"","CA","","",""
"158023339831",Men’s Black Red Leather Biker Jacket Motorcycle Brando Slim Fit Custom Made,Chest Size=2X-LARGE,,"1","FIXED_PRICE","CAD",186.09,,,,"0",,,"Jun-24-26 08:49:54 PDT","Sep-24-26 08:49:54 PDT","Coats, Jackets & Vests","57988","","","New with tags",,,,,"","CA","","",""
"158023339831",Men’s Black Red Leather Biker Jacket Motorcycle Brando Slim Fit Custom Made,Chest Size=3X-LARGE,,"1","FIXED_PRICE","CAD",186.09,,,,"0",,,"Jun-24-26 08:49:54 PDT","Sep-24-26 08:49:54 PDT","Coats, Jackets & Vests","57988","","","New with tags",,,,,"","CA","","",""
"158023339831",Men’s Black Red Leather Biker Jacket Motorcycle Brando Slim Fit Custom Made,Chest Size=4X-LARGE,,"1","FIXED_PRICE","CAD",186.09,,,,"0",,,"Jun-24-26 08:49:54 PDT","Sep-24-26 08:49:54 PDT","Coats, Jackets & Vests","57988","","","New with tags",,,,,"","CA","","",""
"158023447071",Mens Black Genuine Leather Biker Vest Motorcycle Club Custom Made Bespoke,Chest Size=XX-SMALL;X-SMALL;SMALL;MEDIUM;LARGE;X-LARGE;2X-LARGE;3X-LARGE;4X-LARGE,,"9","FIXED_PRICE","CAD",163.75,,,163.75,"0","0","0","Jun-24-26 09:45:39 PDT","Sep-24-26 09:45:39 PDT","Coats, Jackets & Vests","57988","","","New with tags","","","","","","CA","","",""
"158023447071",Mens Black Genuine Leather Biker Vest Motorcycle Club Custom Made Bespoke,Chest Size=XX-SMALL,,"1","FIXED_PRICE","CAD",163.75,,,,"0",,,"Jun-24-26 09:45:39 PDT","Sep-24-26 09:45:39 PDT","Coats, Jackets & Vests","57988","","","New with tags",,,,,"","CA","","",""
"158023447071",Mens Black Genuine Leather Biker Vest Motorcycle Club Custom Made Bespoke,Chest Size=X-SMALL,,"1","FIXED_PRICE","CAD",163.75,,,,"0",,,"Jun-24-26 09:45:39 PDT","Sep-24-26 09:45:39 PDT","Coats, Jackets & Vests","57988","","","New with tags",,,,,"","CA","","",""
"158023447071",Mens Black Genuine Leather Biker Vest Motorcycle Club Custom Made Bespoke,Chest Size=SMALL,,"1","FIXED_PRICE","CAD",163.75,,,,"0",,,"Jun-24-26 09:45:39 PDT","Sep-24-26 09:45:39 PDT","Coats, Jackets & Vests","57988","","","New with tags",,,,,"","CA","","",""
"158023447071",Mens Black Genuine Leather Biker Vest Motorcycle Club Custom Made Bespoke,Chest Size=MEDIUM,,"1","FIXED_PRICE","CAD",163.75,,,,"0",,,"Jun-24-26 09:45:39 PDT","Sep-24-26 09:45:39 PDT","Coats, Jackets & Vests","57988","","","New with tags",,,,,"","CA","","",""
"158023447071",Mens Black Genuine Leather Biker Vest Motorcycle Club Custom Made Bespoke,Chest Size=LARGE,,"1","FIXED_PRICE","CAD",163.75,,,,"0",,,"Jun-24-26 09:45:39 PDT","Sep-24-26 09:45:39 PDT","Coats, Jackets & Vests","57988","","","New with tags",,,,,"","CA","","",""
"158023447071",Mens Black Genuine Leather Biker Vest Motorcycle Club Custom Made Bespoke,Chest Size=X-LARGE,,"1","FIXED_PRICE","CAD",163.75,,,,"0",,,"Jun-24-26 09:45:39 PDT","Sep-24-26 09:45:39 PDT","Coats, Jackets & Vests","57988","","","New with tags",,,,,"","CA","","",""
"158023447071",Mens Black Genuine Leather Biker Vest Motorcycle Club Custom Made Bespoke,Chest Size=2X-LARGE,,"1","FIXED_PRICE","CAD",163.75,,,,"0",,,"Jun-24-26 09:45:39 PDT","Sep-24-26 09:45:39 PDT","Coats, Jackets & Vests","57988","","","New with tags",,,,,"","CA","","",""
"158023447071",Mens Black Genuine Leather Biker Vest Motorcycle Club Custom Made Bespoke,Chest Size=3X-LARGE,,"1","FIXED_PRICE","CAD",163.75,,,,"0",,,"Jun-24-26 09:45:39 PDT","Sep-24-26 09:45:39 PDT","Coats, Jackets & Vests","57988","","","New with tags",,,,,"","CA","","",""
"158023447071",Mens Black Genuine Leather Biker Vest Motorcycle Club Custom Made Bespoke,Chest Size=4X-LARGE,,"1","FIXED_PRICE","CAD",163.75,,,,"0",,,"Jun-24-26 09:45:39 PDT","Sep-24-26 09:45:39 PDT","Coats, Jackets & Vests","57988","","","New with tags",,,,,"","CA","","",""
"158023568180",Men's Tan Brown Suede Leather Trucker Jacket Custom Made Bespoke Western Coat,Chest Size=XX-SMALL;X-SMALL;SMALL;MEDIUM;LARGE;X-LARGE;2X-LARGE;3X-LARGE;4X-LARGE,,"9","FIXED_PRICE","CAD",208.46,,,208.46,"0","3","0","Jun-24-26 10:36:08 PDT","Sep-24-26 10:36:08 PDT","Coats, Jackets & Vests","57988","","","New with tags","","","","","","CA","","",""
"158023568180",Men's Tan Brown Suede Leather Trucker Jacket Custom Made Bespoke Western Coat,Chest Size=XX-SMALL,,"1","FIXED_PRICE","CAD",208.46,,,,"0",,,"Jun-24-26 10:36:08 PDT","Sep-24-26 10:36:08 PDT","Coats, Jackets & Vests","57988","","","New with tags",,,,,"","CA","","",""
"158023568180",Men's Tan Brown Suede Leather Trucker Jacket Custom Made Bespoke Western Coat,Chest Size=X-SMALL,,"1","FIXED_PRICE","CAD",208.46,,,,"0",,,"Jun-24-26 10:36:08 PDT","Sep-24-26 10:36:08 PDT","Coats, Jackets & Vests","57988","","","New with tags",,,,,"","CA","","",""
"158023568180",Men's Tan Brown Suede Leather Trucker Jacket Custom Made Bespoke Western Coat,Chest Size=SMALL,,"1","FIXED_PRICE","CAD",208.46,,,,"0",,,"Jun-24-26 10:36:08 PDT","Sep-24-26 10:36:08 PDT","Coats, Jackets & Vests","57988","","","New with tags",,,,,"","CA","","",""
"158023568180",Men's Tan Brown Suede Leather Trucker Jacket Custom Made Bespoke Western Coat,Chest Size=MEDIUM,,"1","FIXED_PRICE","CAD",208.46,,,,"0",,,"Jun-24-26 10:36:08 PDT","Sep-24-26 10:36:08 PDT","Coats, Jackets & Vests","57988","","","New with tags",,,,,"","CA","","",""
"158023568180",Men's Tan Brown Suede Leather Trucker Jacket Custom Made Bespoke Western Coat,Chest Size=LARGE,,"1","FIXED_PRICE","CAD",208.46,,,,"0",,,"Jun-24-26 10:36:08 PDT","Sep-24-26 10:36:08 PDT","Coats, Jackets & Vests","57988","","","New with tags",,,,,"","CA","","",""
"158023568180",Men's Tan Brown Suede Leather Trucker Jacket Custom Made Bespoke Western Coat,Chest Size=X-LARGE,,"1","FIXED_PRICE","CAD",208.46,,,,"0",,,"Jun-24-26 10:36:08 PDT","Sep-24-26 10:36:08 PDT","Coats, Jackets & Vests","57988","","","New with tags",,,,,"","CA","","",""
"158023568180",Men's Tan Brown Suede Leather Trucker Jacket Custom Made Bespoke Western Coat,Chest Size=2X-LARGE,,"1","FIXED_PRICE","CAD",208.46,,,,"0",,,"Jun-24-26 10:36:08 PDT","Sep-24-26 10:36:08 PDT","Coats, Jackets & Vests","57988","","","New with tags",,,,,"","CA","","",""
"158023568180",Men's Tan Brown Suede Leather Trucker Jacket Custom Made Bespoke Western Coat,Chest Size=3X-LARGE,,"1","FIXED_PRICE","CAD",208.46,,,,"0",,,"Jun-24-26 10:36:08 PDT","Sep-24-26 10:36:08 PDT","Coats, Jackets & Vests","57988","","","New with tags",,,,,"","CA","","",""
"158023568180",Men's Tan Brown Suede Leather Trucker Jacket Custom Made Bespoke Western Coat,Chest Size=4X-LARGE,,"1","FIXED_PRICE","CAD",208.46,,,,"0",,,"Jun-24-26 10:36:08 PDT","Sep-24-26 10:36:08 PDT","Coats, Jackets & Vests","57988","","","New with tags",,,,,"","CA","","",""
"158023904415",Men's Brown Suede Sci Fi Warrior Jacket Custom Made Bespoke Leather Coat,Chest Size=XX-SMALL;X-SMALL;SMALL;MEDIUM;LARGE;X-LARGE;2X-LARGE;3X-LARGE;4X-LARGE,,"9","FIXED_PRICE","CAD",186.39,,,186.39,"0","0","0","Jun-24-26 12:55:23 PDT","Sep-24-26 12:55:23 PDT","Coats, Jackets & Vests","57988","","","New with tags","","","","","","CA","","",""
"158023904415",Men's Brown Suede Sci Fi Warrior Jacket Custom Made Bespoke Leather Coat,Chest Size=XX-SMALL,,"1","FIXED_PRICE","CAD",186.39,,,,"0",,,"Jun-24-26 12:55:23 PDT","Sep-24-26 12:55:23 PDT","Coats, Jackets & Vests","57988","","","New with tags",,,,,"","CA","","",""
"158023904415",Men's Brown Suede Sci Fi Warrior Jacket Custom Made Bespoke Leather Coat,Chest Size=X-SMALL,,"1","FIXED_PRICE","CAD",186.39,,,,"0",,,"Jun-24-26 12:55:23 PDT","Sep-24-26 12:55:23 PDT","Coats, Jackets & Vests","57988","","","New with tags",,,,,"","CA","","",""
"158023904415",Men's Brown Suede Sci Fi Warrior Jacket Custom Made Bespoke Leather Coat,Chest Size=SMALL,,"1","FIXED_PRICE","CAD",186.39,,,,"0",,,"Jun-24-26 12:55:23 PDT","Sep-24-26 12:55:23 PDT","Coats, Jackets & Vests","57988","","","New with tags",,,,,"","CA","","",""
"158023904415",Men's Brown Suede Sci Fi Warrior Jacket Custom Made Bespoke Leather Coat,Chest Size=MEDIUM,,"1","FIXED_PRICE","CAD",186.39,,,,"0",,,"Jun-24-26 12:55:23 PDT","Sep-24-26 12:55:23 PDT","Coats, Jackets & Vests","57988","","","New with tags",,,,,"","CA","","",""
"158023904415",Men's Brown Suede Sci Fi Warrior Jacket Custom Made Bespoke Leather Coat,Chest Size=LARGE,,"1","FIXED_PRICE","CAD",186.39,,,,"0",,,"Jun-24-26 12:55:23 PDT","Sep-24-26 12:55:23 PDT","Coats, Jackets & Vests","57988","","","New with tags",,,,,"","CA","","",""
"158023904415",Men's Brown Suede Sci Fi Warrior Jacket Custom Made Bespoke Leather Coat,Chest Size=X-LARGE,,"1","FIXED_PRICE","CAD",186.39,,,,"0",,,"Jun-24-26 12:55:23 PDT","Sep-24-26 12:55:23 PDT","Coats, Jackets & Vests","57988","","","New with tags",,,,,"","CA","","",""
"158023904415",Men's Brown Suede Sci Fi Warrior Jacket Custom Made Bespoke Leather Coat,Chest Size=2X-LARGE,,"1","FIXED_PRICE","CAD",186.39,,,,"0",,,"Jun-24-26 12:55:23 PDT","Sep-24-26 12:55:23 PDT","Coats, Jackets & Vests","57988","","","New with tags",,,,,"","CA","","",""
"158023904415",Men's Brown Suede Sci Fi Warrior Jacket Custom Made Bespoke Leather Coat,Chest Size=3X-LARGE,,"1","FIXED_PRICE","CAD",186.39,,,,"0",,,"Jun-24-26 12:55:23 PDT","Sep-24-26 12:55:23 PDT","Coats, Jackets & Vests","57988","","","New with tags",,,,,"","CA","","",""
"158023904415",Men's Brown Suede Sci Fi Warrior Jacket Custom Made Bespoke Leather Coat,Chest Size=4X-LARGE,,"1","FIXED_PRICE","CAD",186.39,,,,"0",,,"Jun-24-26 12:55:23 PDT","Sep-24-26 12:55:23 PDT","Coats, Jackets & Vests","57988","","","New with tags",,,,,"","CA","","",""
"158023956765",Men's Black Leather Biker Jacket Mad Max Fury Road Custom Made Bespoke Coat,Chest Size=XX-SMALL;X-SMALL;SMALL;MEDIUM;LARGE;X-LARGE;2X-LARGE;3X-LARGE;4X-LARGE,,"9","FIXED_PRICE","CAD",208.48,,,208.48,"0","4","0","Jun-24-26 13:25:49 PDT","Sep-24-26 13:25:49 PDT","Coats, Jackets & Vests","57988","","","New with tags","","","","","","CA","","",""
"158023956765",Men's Black Leather Biker Jacket Mad Max Fury Road Custom Made Bespoke Coat,Chest Size=XX-SMALL,,"1","FIXED_PRICE","CAD",208.48,,,,"0",,,"Jun-24-26 13:25:49 PDT","Sep-24-26 13:25:49 PDT","Coats, Jackets & Vests","57988","","","New with tags",,,,,"","CA","","",""
"158023956765",Men's Black Leather Biker Jacket Mad Max Fury Road Custom Made Bespoke Coat,Chest Size=X-SMALL,,"1","FIXED_PRICE","CAD",208.48,,,,"0",,,"Jun-24-26 13:25:49 PDT","Sep-24-26 13:25:49 PDT","Coats, Jackets & Vests","57988","","","New with tags",,,,,"","CA","","",""
"158023956765",Men's Black Leather Biker Jacket Mad Max Fury Road Custom Made Bespoke Coat,Chest Size=SMALL,,"1","FIXED_PRICE","CAD",208.48,,,,"0",,,"Jun-24-26 13:25:49 PDT","Sep-24-26 13:25:49 PDT","Coats, Jackets & Vests","57988","","","New with tags",,,,,"","CA","","",""
"158023956765",Men's Black Leather Biker Jacket Mad Max Fury Road Custom Made Bespoke Coat,Chest Size=MEDIUM,,"1","FIXED_PRICE","CAD",208.48,,,,"0",,,"Jun-24-26 13:25:49 PDT","Sep-24-26 13:25:49 PDT","Coats, Jackets & Vests","57988","","","New with tags",,,,,"","CA","","",""
"158023956765",Men's Black Leather Biker Jacket Mad Max Fury Road Custom Made Bespoke Coat,Chest Size=LARGE,,"1","FIXED_PRICE","CAD",208.48,,,,"0",,,"Jun-24-26 13:25:49 PDT","Sep-24-26 13:25:49 PDT","Coats, Jackets & Vests","57988","","","New with tags",,,,,"","CA","","",""
"158023956765",Men's Black Leather Biker Jacket Mad Max Fury Road Custom Made Bespoke Coat,Chest Size=X-LARGE,,"1","FIXED_PRICE","CAD",208.48,,,,"0",,,"Jun-24-26 13:25:49 PDT","Sep-24-26 13:25:49 PDT","Coats, Jackets & Vests","57988","","","New with tags",,,,,"","CA","","",""
"158023956765",Men's Black Leather Biker Jacket Mad Max Fury Road Custom Made Bespoke Coat,Chest Size=2X-LARGE,,"1","FIXED_PRICE","CAD",208.48,,,,"0",,,"Jun-24-26 13:25:49 PDT","Sep-24-26 13:25:49 PDT","Coats, Jackets & Vests","57988","","","New with tags",,,,,"","CA","","",""
"158023956765",Men's Black Leather Biker Jacket Mad Max Fury Road Custom Made Bespoke Coat,Chest Size=3X-LARGE,,"1","FIXED_PRICE","CAD",208.48,,,,"0",,,"Jun-24-26 13:25:49 PDT","Sep-24-26 13:25:49 PDT","Coats, Jackets & Vests","57988","","","New with tags",,,,,"","CA","","",""
"158023956765",Men's Black Leather Biker Jacket Mad Max Fury Road Custom Made Bespoke Coat,Chest Size=4X-LARGE,,"1","FIXED_PRICE","CAD",208.48,,,,"0",,,"Jun-24-26 13:25:49 PDT","Sep-24-26 13:25:49 PDT","Coats, Jackets & Vests","57988","","","New with tags",,,,,"","CA","","",""
"158038478901",Women’s Olive Green Gothic Leather Coat Victorian Custom Made Bespoke Fit Jacket,Chest Size=XX-SMALL;X-SMALL;SMALL;MEDIUM;LARGE;X-LARGE;2X-LARGE;3X-LARGE;4X-LARGE,,"9","FIXED_PRICE","CAD",205.16,,,205.16,"0","2","0","Jun-29-26 09:50:33 PDT","Sep-29-26 09:50:33 PDT","Coats, Jackets & Vests","63862","","","New with tags","","","","","","CA","","",""
"158038478901",Women’s Olive Green Gothic Leather Coat Victorian Custom Made Bespoke Fit Jacket,Chest Size=XX-SMALL,,"1","FIXED_PRICE","CAD",205.16,,,,"0",,,"Jun-29-26 09:50:33 PDT","Sep-29-26 09:50:33 PDT","Coats, Jackets & Vests","63862","","","New with tags",,,,,"","CA","","",""
"158038478901",Women’s Olive Green Gothic Leather Coat Victorian Custom Made Bespoke Fit Jacket,Chest Size=X-SMALL,,"1","FIXED_PRICE","CAD",205.16,,,,"0",,,"Jun-29-26 09:50:33 PDT","Sep-29-26 09:50:33 PDT","Coats, Jackets & Vests","63862","","","New with tags",,,,,"","CA","","",""
"158038478901",Women’s Olive Green Gothic Leather Coat Victorian Custom Made Bespoke Fit Jacket,Chest Size=SMALL,,"1","FIXED_PRICE","CAD",205.16,,,,"0",,,"Jun-29-26 09:50:33 PDT","Sep-29-26 09:50:33 PDT","Coats, Jackets & Vests","63862","","","New with tags",,,,,"","CA","","",""
"158038478901",Women’s Olive Green Gothic Leather Coat Victorian Custom Made Bespoke Fit Jacket,Chest Size=MEDIUM,,"1","FIXED_PRICE","CAD",205.16,,,,"0",,,"Jun-29-26 09:50:33 PDT","Sep-29-26 09:50:33 PDT","Coats, Jackets & Vests","63862","","","New with tags",,,,,"","CA","","",""
"158038478901",Women’s Olive Green Gothic Leather Coat Victorian Custom Made Bespoke Fit Jacket,Chest Size=LARGE,,"1","FIXED_PRICE","CAD",205.16,,,,"0",,,"Jun-29-26 09:50:33 PDT","Sep-29-26 09:50:33 PDT","Coats, Jackets & Vests","63862","","","New with tags",,,,,"","CA","","",""
"158038478901",Women’s Olive Green Gothic Leather Coat Victorian Custom Made Bespoke Fit Jacket,Chest Size=X-LARGE,,"1","FIXED_PRICE","CAD",205.16,,,,"0",,,"Jun-29-26 09:50:33 PDT","Sep-29-26 09:50:33 PDT","Coats, Jackets & Vests","63862","","","New with tags",,,,,"","CA","","",""
"158038478901",Women’s Olive Green Gothic Leather Coat Victorian Custom Made Bespoke Fit Jacket,Chest Size=2X-LARGE,,"1","FIXED_PRICE","CAD",205.16,,,,"0",,,"Jun-29-26 09:50:33 PDT","Sep-29-26 09:50:33 PDT","Coats, Jackets & Vests","63862","","","New with tags",,,,,"","CA","","",""
"158038478901",Women’s Olive Green Gothic Leather Coat Victorian Custom Made Bespoke Fit Jacket,Chest Size=3X-LARGE,,"1","FIXED_PRICE","CAD",205.16,,,,"0",,,"Jun-29-26 09:50:33 PDT","Sep-29-26 09:50:33 PDT","Coats, Jackets & Vests","63862","","","New with tags",,,,,"","CA","","",""
"158038478901",Women’s Olive Green Gothic Leather Coat Victorian Custom Made Bespoke Fit Jacket,Chest Size=4X-LARGE,,"1","FIXED_PRICE","CAD",205.16,,,,"0",,,"Jun-29-26 09:50:33 PDT","Sep-29-26 09:50:33 PDT","Coats, Jackets & Vests","63862","","","New with tags",,,,,"","CA","","",""
"158038580763",Women's Toscana Sheepskin Leather Vest Olive Green Fur Gilet Custom Handmade,Chest Size=XX-SMALL;X-SMALL;SMALL;MEDIUM;LARGE;X-LARGE;2X-LARGE;3X-LARGE;4X-LARGE,,"9","FIXED_PRICE","CAD",307.71,,,307.71,"0","2","0","Jun-29-26 10:37:32 PDT","Sep-29-26 10:37:32 PDT","Coats, Jackets & Vests","63862","","","New with tags","","","","","","CA","","",""
"158038580763",Women's Toscana Sheepskin Leather Vest Olive Green Fur Gilet Custom Handmade,Chest Size=XX-SMALL,,"1","FIXED_PRICE","CAD",307.71,,,,"0",,,"Jun-29-26 10:37:32 PDT","Sep-29-26 10:37:32 PDT","Coats, Jackets & Vests","63862","","","New with tags",,,,,"","CA","","",""
"158038580763",Women's Toscana Sheepskin Leather Vest Olive Green Fur Gilet Custom Handmade,Chest Size=X-SMALL,,"1","FIXED_PRICE","CAD",307.71,,,,"0",,,"Jun-29-26 10:37:32 PDT","Sep-29-26 10:37:32 PDT","Coats, Jackets & Vests","63862","","","New with tags",,,,,"","CA","","",""
"158038580763",Women's Toscana Sheepskin Leather Vest Olive Green Fur Gilet Custom Handmade,Chest Size=SMALL,,"1","FIXED_PRICE","CAD",307.71,,,,"0",,,"Jun-29-26 10:37:32 PDT","Sep-29-26 10:37:32 PDT","Coats, Jackets & Vests","63862","","","New with tags",,,,,"","CA","","",""
"158038580763",Women's Toscana Sheepskin Leather Vest Olive Green Fur Gilet Custom Handmade,Chest Size=MEDIUM,,"1","FIXED_PRICE","CAD",307.71,,,,"0",,,"Jun-29-26 10:37:32 PDT","Sep-29-26 10:37:32 PDT","Coats, Jackets & Vests","63862","","","New with tags",,,,,"","CA","","",""
"158038580763",Women's Toscana Sheepskin Leather Vest Olive Green Fur Gilet Custom Handmade,Chest Size=LARGE,,"1","FIXED_PRICE","CAD",307.71,,,,"0",,,"Jun-29-26 10:37:32 PDT","Sep-29-26 10:37:32 PDT","Coats, Jackets & Vests","63862","","","New with tags",,,,,"","CA","","",""
"158038580763",Women's Toscana Sheepskin Leather Vest Olive Green Fur Gilet Custom Handmade,Chest Size=X-LARGE,,"1","FIXED_PRICE","CAD",307.71,,,,"0",,,"Jun-29-26 10:37:32 PDT","Sep-29-26 10:37:32 PDT","Coats, Jackets & Vests","63862","","","New with tags",,,,,"","CA","","",""
"158038580763",Women's Toscana Sheepskin Leather Vest Olive Green Fur Gilet Custom Handmade,Chest Size=2X-LARGE,,"1","FIXED_PRICE","CAD",307.71,,,,"0",,,"Jun-29-26 10:37:32 PDT","Sep-29-26 10:37:32 PDT","Coats, Jackets & Vests","63862","","","New with tags",,,,,"","CA","","",""
"158038580763",Women's Toscana Sheepskin Leather Vest Olive Green Fur Gilet Custom Handmade,Chest Size=3X-LARGE,,"1","FIXED_PRICE","CAD",307.71,,,,"0",,,"Jun-29-26 10:37:32 PDT","Sep-29-26 10:37:32 PDT","Coats, Jackets & Vests","63862","","","New with tags",,,,,"","CA","","",""
"158038580763",Women's Toscana Sheepskin Leather Vest Olive Green Fur Gilet Custom Handmade,Chest Size=4X-LARGE,,"1","FIXED_PRICE","CAD",307.71,,,,"0",,,"Jun-29-26 10:37:32 PDT","Sep-29-26 10:37:32 PDT","Coats, Jackets & Vests","63862","","","New with tags",,,,,"","CA","","",""
"158038652570",Women's Captain America Leather Vest | Custom Made | Bespoke Fit | Genuine Leath,Chest Size=XX-SMALL;X-SMALL;SMALL;MEDIUM;LARGE;X-LARGE;2X-LARGE;3X-LARGE;4X-LARGE,,"9","FIXED_PRICE","CAD",170.96,,,170.96,"0","1","0","Jun-29-26 11:12:37 PDT","Sep-29-26 11:12:37 PDT","Coats, Jackets & Vests","63862","","","New with tags","","","","","","CA","","",""
"158038652570",Women's Captain America Leather Vest | Custom Made | Bespoke Fit | Genuine Leath,Chest Size=XX-SMALL,,"1","FIXED_PRICE","CAD",170.96,,,,"0",,,"Jun-29-26 11:12:37 PDT","Sep-29-26 11:12:37 PDT","Coats, Jackets & Vests","63862","","","New with tags",,,,,"","CA","","",""
"158038652570",Women's Captain America Leather Vest | Custom Made | Bespoke Fit | Genuine Leath,Chest Size=X-SMALL,,"1","FIXED_PRICE","CAD",170.96,,,,"0",,,"Jun-29-26 11:12:37 PDT","Sep-29-26 11:12:37 PDT","Coats, Jackets & Vests","63862","","","New with tags",,,,,"","CA","","",""
"158038652570",Women's Captain America Leather Vest | Custom Made | Bespoke Fit | Genuine Leath,Chest Size=SMALL,,"1","FIXED_PRICE","CAD",170.96,,,,"0",,,"Jun-29-26 11:12:37 PDT","Sep-29-26 11:12:37 PDT","Coats, Jackets & Vests","63862","","","New with tags",,,,,"","CA","","",""
"158038652570",Women's Captain America Leather Vest | Custom Made | Bespoke Fit | Genuine Leath,Chest Size=MEDIUM,,"1","FIXED_PRICE","CAD",170.96,,,,"0",,,"Jun-29-26 11:12:37 PDT","Sep-29-26 11:12:37 PDT","Coats, Jackets & Vests","63862","","","New with tags",,,,,"","CA","","",""
"158038652570",Women's Captain America Leather Vest | Custom Made | Bespoke Fit | Genuine Leath,Chest Size=LARGE,,"1","FIXED_PRICE","CAD",170.96,,,,"0",,,"Jun-29-26 11:12:37 PDT","Sep-29-26 11:12:37 PDT","Coats, Jackets & Vests","63862","","","New with tags",,,,,"","CA","","",""
"158038652570",Women's Captain America Leather Vest | Custom Made | Bespoke Fit | Genuine Leath,Chest Size=X-LARGE,,"1","FIXED_PRICE","CAD",170.96,,,,"0",,,"Jun-29-26 11:12:37 PDT","Sep-29-26 11:12:37 PDT","Coats, Jackets & Vests","63862","","","New with tags",,,,,"","CA","","",""
"158038652570",Women's Captain America Leather Vest | Custom Made | Bespoke Fit | Genuine Leath,Chest Size=2X-LARGE,,"1","FIXED_PRICE","CAD",170.96,,,,"0",,,"Jun-29-26 11:12:37 PDT","Sep-29-26 11:12:37 PDT","Coats, Jackets & Vests","63862","","","New with tags",,,,,"","CA","","",""
"158038652570",Women's Captain America Leather Vest | Custom Made | Bespoke Fit | Genuine Leath,Chest Size=3X-LARGE,,"1","FIXED_PRICE","CAD",170.96,,,,"0",,,"Jun-29-26 11:12:37 PDT","Sep-29-26 11:12:37 PDT","Coats, Jackets & Vests","63862","","","New with tags",,,,,"","CA","","",""
"158038652570",Women's Captain America Leather Vest | Custom Made | Bespoke Fit | Genuine Leath,Chest Size=4X-LARGE,,"1","FIXED_PRICE","CAD",170.96,,,,"0",,,"Jun-29-26 11:12:37 PDT","Sep-29-26 11:12:37 PDT","Coats, Jackets & Vests","63862","","","New with tags",,,,,"","CA","","",""
"158038753536",Women's Brown Lambskin Leather Trench Coat Genuine Leather Custom Made Bespoke F,Chest Size=XX-SMALL;X-SMALL;SMALL;MEDIUM;LARGE;X-LARGE;2X-LARGE;3X-LARGE;4X-LARGE,,"9","FIXED_PRICE","CAD",205.33,,,205.33,"0","","","Jun-29-26 12:09:18 PDT","Sep-29-26 12:09:18 PDT","Coats, Jackets & Vests","63862","","","New with tags","","","","","","CA","","",""
"158038753536",Women's Brown Lambskin Leather Trench Coat Genuine Leather Custom Made Bespoke F,Chest Size=XX-SMALL,,"1","FIXED_PRICE","CAD",205.33,,,,"0",,,"Jun-29-26 12:09:18 PDT","Sep-29-26 12:09:18 PDT","Coats, Jackets & Vests","63862","","","New with tags",,,,,"","CA","","",""
"158038753536",Women's Brown Lambskin Leather Trench Coat Genuine Leather Custom Made Bespoke F,Chest Size=X-SMALL,,"1","FIXED_PRICE","CAD",205.33,,,,"0",,,"Jun-29-26 12:09:18 PDT","Sep-29-26 12:09:18 PDT","Coats, Jackets & Vests","63862","","","New with tags",,,,,"","CA","","",""
"158038753536",Women's Brown Lambskin Leather Trench Coat Genuine Leather Custom Made Bespoke F,Chest Size=SMALL,,"1","FIXED_PRICE","CAD",205.33,,,,"0",,,"Jun-29-26 12:09:18 PDT","Sep-29-26 12:09:18 PDT","Coats, Jackets & Vests","63862","","","New with tags",,,,,"","CA","","",""
"158038753536",Women's Brown Lambskin Leather Trench Coat Genuine Leather Custom Made Bespoke F,Chest Size=MEDIUM,,"1","FIXED_PRICE","CAD",205.33,,,,"0",,,"Jun-29-26 12:09:18 PDT","Sep-29-26 12:09:18 PDT","Coats, Jackets & Vests","63862","","","New with tags",,,,,"","CA","","",""
"158038753536",Women's Brown Lambskin Leather Trench Coat Genuine Leather Custom Made Bespoke F,Chest Size=LARGE,,"1","FIXED_PRICE","CAD",205.33,,,,"0",,,"Jun-29-26 12:09:18 PDT","Sep-29-26 12:09:18 PDT","Coats, Jackets & Vests","63862","","","New with tags",,,,,"","CA","","",""
"158038753536",Women's Brown Lambskin Leather Trench Coat Genuine Leather Custom Made Bespoke F,Chest Size=X-LARGE,,"1","FIXED_PRICE","CAD",205.33,,,,"0",,,"Jun-29-26 12:09:18 PDT","Sep-29-26 12:09:18 PDT","Coats, Jackets & Vests","63862","","","New with tags",,,,,"","CA","","",""
"158038753536",Women's Brown Lambskin Leather Trench Coat Genuine Leather Custom Made Bespoke F,Chest Size=2X-LARGE,,"1","FIXED_PRICE","CAD",205.33,,,,"0",,,"Jun-29-26 12:09:18 PDT","Sep-29-26 12:09:18 PDT","Coats, Jackets & Vests","63862","","","New with tags",,,,,"","CA","","",""
"158038753536",Women's Brown Lambskin Leather Trench Coat Genuine Leather Custom Made Bespoke F,Chest Size=3X-LARGE,,"1","FIXED_PRICE","CAD",205.33,,,,"0",,,"Jun-29-26 12:09:18 PDT","Sep-29-26 12:09:18 PDT","Coats, Jackets & Vests","63862","","","New with tags",,,,,"","CA","","",""
"158038753536",Women's Brown Lambskin Leather Trench Coat Genuine Leather Custom Made Bespoke F,Chest Size=4X-LARGE,,"1","FIXED_PRICE","CAD",205.33,,,,"0",,,"Jun-29-26 12:09:18 PDT","Sep-29-26 12:09:18 PDT","Coats, Jackets & Vests","63862","","","New with tags",,,,,"","CA","","",""
"158038923894",Women's Black Leather Biker Jacket Lace Up Distressed Moto Custom Made,Chest Size=XX-SMALL;X-SMALL;SMALL;MEDIUM;LARGE;X-LARGE;2X-LARGE;3X-LARGE;4X-LARGE,,"9","FIXED_PRICE","CAD",191.56,,,191.56,"0","","","Jun-29-26 12:57:58 PDT","Sep-29-26 12:57:58 PDT","Coats, Jackets & Vests","63862","","","New with tags","","","","","","CA","","",""
"158038923894",Women's Black Leather Biker Jacket Lace Up Distressed Moto Custom Made,Chest Size=XX-SMALL,,"1","FIXED_PRICE","CAD",191.56,,,,"0",,,"Jun-29-26 12:57:58 PDT","Sep-29-26 12:57:58 PDT","Coats, Jackets & Vests","63862","","","New with tags",,,,,"","CA","","",""
"158038923894",Women's Black Leather Biker Jacket Lace Up Distressed Moto Custom Made,Chest Size=X-SMALL,,"1","FIXED_PRICE","CAD",191.56,,,,"0",,,"Jun-29-26 12:57:58 PDT","Sep-29-26 12:57:58 PDT","Coats, Jackets & Vests","63862","","","New with tags",,,,,"","CA","","",""
"158038923894",Women's Black Leather Biker Jacket Lace Up Distressed Moto Custom Made,Chest Size=SMALL,,"1","FIXED_PRICE","CAD",191.56,,,,"0",,,"Jun-29-26 12:57:58 PDT","Sep-29-26 12:57:58 PDT","Coats, Jackets & Vests","63862","","","New with tags",,,,,"","CA","","",""
"158038923894",Women's Black Leather Biker Jacket Lace Up Distressed Moto Custom Made,Chest Size=MEDIUM,,"1","FIXED_PRICE","CAD",191.56,,,,"0",,,"Jun-29-26 12:57:58 PDT","Sep-29-26 12:57:58 PDT","Coats, Jackets & Vests","63862","","","New with tags",,,,,"","CA","","",""
"158038923894",Women's Black Leather Biker Jacket Lace Up Distressed Moto Custom Made,Chest Size=LARGE,,"1","FIXED_PRICE","CAD",191.56,,,,"0",,,"Jun-29-26 12:57:58 PDT","Sep-29-26 12:57:58 PDT","Coats, Jackets & Vests","63862","","","New with tags",,,,,"","CA","","",""
"158038923894",Women's Black Leather Biker Jacket Lace Up Distressed Moto Custom Made,Chest Size=X-LARGE,,"1","FIXED_PRICE","CAD",191.56,,,,"0",,,"Jun-29-26 12:57:58 PDT","Sep-29-26 12:57:58 PDT","Coats, Jackets & Vests","63862","","","New with tags",,,,,"","CA","","",""
"158038923894",Women's Black Leather Biker Jacket Lace Up Distressed Moto Custom Made,Chest Size=2X-LARGE,,"1","FIXED_PRICE","CAD",191.56,,,,"0",,,"Jun-29-26 12:57:58 PDT","Sep-29-26 12:57:58 PDT","Coats, Jackets & Vests","63862","","","New with tags",,,,,"","CA","","",""
"158038923894",Women's Black Leather Biker Jacket Lace Up Distressed Moto Custom Made,Chest Size=3X-LARGE,,"1","FIXED_PRICE","CAD",191.56,,,,"0",,,"Jun-29-26 12:57:58 PDT","Sep-29-26 12:57:58 PDT","Coats, Jackets & Vests","63862","","","New with tags",,,,,"","CA","","",""
"158038923894",Women's Black Leather Biker Jacket Lace Up Distressed Moto Custom Made,Chest Size=4X-LARGE,,"1","FIXED_PRICE","CAD",191.56,,,,"0",,,"Jun-29-26 12:57:58 PDT","Sep-29-26 12:57:58 PDT","Coats, Jackets & Vests","63862","","","New with tags",,,,,"","CA","","",""
"158083287237",Men's Brown Cowhide Leather Motorcycle Biker Jacket Custom Made Distressed,Chest Size=XX-SMALL;X-SMALL;SMALL;MEDIUM;LARGE;X-LARGE;2X-LARGE;3X-LARGE;4X-LARGE,,"9","FIXED_PRICE","CAD",169.99,,,169.99,"0","","","Jul-14-26 13:04:23 PDT","Oct-14-26 13:04:23 PDT","Coats, Jackets & Vests","57988","","","New with tags","","","","","","CA","","",""
"158083287237",Men's Brown Cowhide Leather Motorcycle Biker Jacket Custom Made Distressed,Chest Size=XX-SMALL,,"1","FIXED_PRICE","CAD",169.99,,,,"0",,,"Jul-14-26 13:04:23 PDT","Oct-14-26 13:04:23 PDT","Coats, Jackets & Vests","57988","","","New with tags",,,,,"","CA","","",""
"158083287237",Men's Brown Cowhide Leather Motorcycle Biker Jacket Custom Made Distressed,Chest Size=X-SMALL,,"1","FIXED_PRICE","CAD",199.99,,,,"0",,,"Jul-14-26 13:04:23 PDT","Oct-14-26 13:04:23 PDT","Coats, Jackets & Vests","57988","","","New with tags",,,,,"","CA","","",""
"158083287237",Men's Brown Cowhide Leather Motorcycle Biker Jacket Custom Made Distressed,Chest Size=SMALL,,"1","FIXED_PRICE","CAD",199.99,,,,"0",,,"Jul-14-26 13:04:23 PDT","Oct-14-26 13:04:23 PDT","Coats, Jackets & Vests","57988","","","New with tags",,,,,"","CA","","",""
"158083287237",Men's Brown Cowhide Leather Motorcycle Biker Jacket Custom Made Distressed,Chest Size=MEDIUM,,"1","FIXED_PRICE","CAD",199.99,,,,"0",,,"Jul-14-26 13:04:23 PDT","Oct-14-26 13:04:23 PDT","Coats, Jackets & Vests","57988","","","New with tags",,,,,"","CA","","",""
"158083287237",Men's Brown Cowhide Leather Motorcycle Biker Jacket Custom Made Distressed,Chest Size=LARGE,,"1","FIXED_PRICE","CAD",199.99,,,,"0",,,"Jul-14-26 13:04:23 PDT","Oct-14-26 13:04:23 PDT","Coats, Jackets & Vests","57988","","","New with tags",,,,,"","CA","","",""
"158083287237",Men's Brown Cowhide Leather Motorcycle Biker Jacket Custom Made Distressed,Chest Size=X-LARGE,,"1","FIXED_PRICE","CAD",199.99,,,,"0",,,"Jul-14-26 13:04:23 PDT","Oct-14-26 13:04:23 PDT","Coats, Jackets & Vests","57988","","","New with tags",,,,,"","CA","","",""
"158083287237",Men's Brown Cowhide Leather Motorcycle Biker Jacket Custom Made Distressed,Chest Size=2X-LARGE,,"1","FIXED_PRICE","CAD",199.99,,,,"0",,,"Jul-14-26 13:04:23 PDT","Oct-14-26 13:04:23 PDT","Coats, Jackets & Vests","57988","","","New with tags",,,,,"","CA","","",""
"158083287237",Men's Brown Cowhide Leather Motorcycle Biker Jacket Custom Made Distressed,Chest Size=3X-LARGE,,"1","FIXED_PRICE","CAD",199.99,,,,"0",,,"Jul-14-26 13:04:23 PDT","Oct-14-26 13:04:23 PDT","Coats, Jackets & Vests","57988","","","New with tags",,,,,"","CA","","",""
"158083287237",Men's Brown Cowhide Leather Motorcycle Biker Jacket Custom Made Distressed,Chest Size=4X-LARGE,,"1","FIXED_PRICE","CAD",199.99,,,,"0",,,"Jul-14-26 13:04:23 PDT","Oct-14-26 13:04:23 PDT","Coats, Jackets & Vests","57988","","","New with tags",,,,,"","CA","","",""
"158083596331",Men’s Black Genuine Cowhide Leather Blazer 2 Button Sport Coat Custom Made,Chest Size=XX-SMALL;X-SMALL;SMALL;MEDIUM;LARGE;X-LARGE;2X-LARGE;3X-LARGE;4X-LARGE,,"8","FIXED_PRICE","CAD",199.99,,,199.99,"1","0","0","Jul-14-26 14:33:51 PDT","Oct-14-26 14:33:51 PDT","Coats, Jackets & Vests","57988","","","New with tags","","","","","","CA","","",""
"158083596331",Men’s Black Genuine Cowhide Leather Blazer 2 Button Sport Coat Custom Made,Chest Size=XX-SMALL,,"1","FIXED_PRICE","CAD",199.99,,,,"0",,,"Jul-14-26 14:33:51 PDT","Oct-14-26 14:33:51 PDT","Coats, Jackets & Vests","57988","","","New with tags",,,,,"","CA","","",""
"158083596331",Men’s Black Genuine Cowhide Leather Blazer 2 Button Sport Coat Custom Made,Chest Size=X-SMALL,,"1","FIXED_PRICE","CAD",199.99,,,,"0",,,"Jul-14-26 14:33:51 PDT","Oct-14-26 14:33:51 PDT","Coats, Jackets & Vests","57988","","","New with tags",,,,,"","CA","","",""
"158083596331",Men’s Black Genuine Cowhide Leather Blazer 2 Button Sport Coat Custom Made,Chest Size=SMALL,,"1","FIXED_PRICE","CAD",199.99,,,,"0",,,"Jul-14-26 14:33:51 PDT","Oct-14-26 14:33:51 PDT","Coats, Jackets & Vests","57988","","","New with tags",,,,,"","CA","","",""
"158083596331",Men’s Black Genuine Cowhide Leather Blazer 2 Button Sport Coat Custom Made,Chest Size=MEDIUM,,"1","FIXED_PRICE","CAD",199.99,,,,"0",,,"Jul-14-26 14:33:51 PDT","Oct-14-26 14:33:51 PDT","Coats, Jackets & Vests","57988","","","New with tags",,,,,"","CA","","",""
"158083596331",Men’s Black Genuine Cowhide Leather Blazer 2 Button Sport Coat Custom Made,Chest Size=LARGE,,"1","FIXED_PRICE","CAD",199.99,,,,"0",,,"Jul-14-26 14:33:51 PDT","Oct-14-26 14:33:51 PDT","Coats, Jackets & Vests","57988","","","New with tags",,,,,"","CA","","",""
"158083596331",Men’s Black Genuine Cowhide Leather Blazer 2 Button Sport Coat Custom Made,Chest Size=X-LARGE,,"1","FIXED_PRICE","CAD",199.99,,,,"0",,,"Jul-14-26 14:33:51 PDT","Oct-14-26 14:33:51 PDT","Coats, Jackets & Vests","57988","","","New with tags",,,,,"","CA","","",""
"158083596331",Men’s Black Genuine Cowhide Leather Blazer 2 Button Sport Coat Custom Made,Chest Size=2X-LARGE,,"1","FIXED_PRICE","CAD",199.99,,,,"0",,,"Jul-14-26 14:33:51 PDT","Oct-14-26 14:33:51 PDT","Coats, Jackets & Vests","57988","","","New with tags",,,,,"","CA","","",""
"158083596331",Men’s Black Genuine Cowhide Leather Blazer 2 Button Sport Coat Custom Made,Chest Size=3X-LARGE,,"1","FIXED_PRICE","CAD",199.99,,,,"0",,,"Jul-14-26 14:33:51 PDT","Oct-14-26 14:33:51 PDT","Coats, Jackets & Vests","57988","","","New with tags",,,,,"","CA","","",""
"158083596331",Men’s Black Genuine Cowhide Leather Blazer 2 Button Sport Coat Custom Made,Chest Size=4X-LARGE,,"0","FIXED_PRICE","CAD",199.99,,,,"1",,,"Jul-14-26 14:33:51 PDT","Oct-14-26 14:33:51 PDT","Coats, Jackets & Vests","57988","","","New with tags",,,,,"","CA","","",""
"158085638345",Men's Brown Genuine Leather Biker Coat Vintage Belted Motorcycle Custom Made,Chest Size=XX-SMALL;X-SMALL;SMALL;MEDIUM;LARGE;X-LARGE;2X-LARGE;3X-LARGE;4X-LARGE,,"9","FIXED_PRICE","CAD",199.99,,,199.99,"0","","","Jul-15-26 06:38:01 PDT","Oct-15-26 06:38:01 PDT","Coats, Jackets & Vests","57988","","","New with tags","","","","","","CA","","",""
"158085638345",Men's Brown Genuine Leather Biker Coat Vintage Belted Motorcycle Custom Made,Chest Size=XX-SMALL,,"1","FIXED_PRICE","CAD",199.99,,,,"0",,,"Jul-15-26 06:38:01 PDT","Oct-15-26 06:38:01 PDT","Coats, Jackets & Vests","57988","","","New with tags",,,,,"","CA","","",""
"158085638345",Men's Brown Genuine Leather Biker Coat Vintage Belted Motorcycle Custom Made,Chest Size=X-SMALL,,"1","FIXED_PRICE","CAD",199.99,,,,"0",,,"Jul-15-26 06:38:01 PDT","Oct-15-26 06:38:01 PDT","Coats, Jackets & Vests","57988","","","New with tags",,,,,"","CA","","",""
"158085638345",Men's Brown Genuine Leather Biker Coat Vintage Belted Motorcycle Custom Made,Chest Size=SMALL,,"1","FIXED_PRICE","CAD",199.99,,,,"0",,,"Jul-15-26 06:38:01 PDT","Oct-15-26 06:38:01 PDT","Coats, Jackets & Vests","57988","","","New with tags",,,,,"","CA","","",""
"158085638345",Men's Brown Genuine Leather Biker Coat Vintage Belted Motorcycle Custom Made,Chest Size=MEDIUM,,"1","FIXED_PRICE","CAD",199.99,,,,"0",,,"Jul-15-26 06:38:01 PDT","Oct-15-26 06:38:01 PDT","Coats, Jackets & Vests","57988","","","New with tags",,,,,"","CA","","",""
"158085638345",Men's Brown Genuine Leather Biker Coat Vintage Belted Motorcycle Custom Made,Chest Size=LARGE,,"1","FIXED_PRICE","CAD",199.99,,,,"0",,,"Jul-15-26 06:38:01 PDT","Oct-15-26 06:38:01 PDT","Coats, Jackets & Vests","57988","","","New with tags",,,,,"","CA","","",""
"158085638345",Men's Brown Genuine Leather Biker Coat Vintage Belted Motorcycle Custom Made,Chest Size=X-LARGE,,"1","FIXED_PRICE","CAD",199.99,,,,"0",,,"Jul-15-26 06:38:01 PDT","Oct-15-26 06:38:01 PDT","Coats, Jackets & Vests","57988","","","New with tags",,,,,"","CA","","",""
"158085638345",Men's Brown Genuine Leather Biker Coat Vintage Belted Motorcycle Custom Made,Chest Size=2X-LARGE,,"1","FIXED_PRICE","CAD",199.99,,,,"0",,,"Jul-15-26 06:38:01 PDT","Oct-15-26 06:38:01 PDT","Coats, Jackets & Vests","57988","","","New with tags",,,,,"","CA","","",""
"158085638345",Men's Brown Genuine Leather Biker Coat Vintage Belted Motorcycle Custom Made,Chest Size=3X-LARGE,,"1","FIXED_PRICE","CAD",199.99,,,,"0",,,"Jul-15-26 06:38:01 PDT","Oct-15-26 06:38:01 PDT","Coats, Jackets & Vests","57988","","","New with tags",,,,,"","CA","","",""
"158085638345",Men's Brown Genuine Leather Biker Coat Vintage Belted Motorcycle Custom Made,Chest Size=4X-LARGE,,"1","FIXED_PRICE","CAD",199.99,,,,"0",,,"Jul-15-26 06:38:01 PDT","Oct-15-26 06:38:01 PDT","Coats, Jackets & Vests","57988","","","New with tags",,,,,"","CA","","",""
"158086323172",Men's Brown Genuine Leather Blazer Jacket 2 Button Sport Coat Custom Made,Chest Size=XX-SMALL;X-SMALL;SMALL;MEDIUM;LARGE;X-LARGE;2X-LARGE;3X-LARGE;4X-LARGE,,"9","FIXED_PRICE","CAD",199.99,,,199.99,"0","","","Jul-15-26 11:48:49 PDT","Oct-15-26 11:48:49 PDT","Coats, Jackets & Vests","57988","","","New with tags","","","","","","CA","","",""
"158086323172",Men's Brown Genuine Leather Blazer Jacket 2 Button Sport Coat Custom Made,Chest Size=XX-SMALL,,"1","FIXED_PRICE","CAD",199.99,,,,"0",,,"Jul-15-26 11:48:49 PDT","Oct-15-26 11:48:49 PDT","Coats, Jackets & Vests","57988","","","New with tags",,,,,"","CA","","",""
"158086323172",Men's Brown Genuine Leather Blazer Jacket 2 Button Sport Coat Custom Made,Chest Size=X-SMALL,,"1","FIXED_PRICE","CAD",199.99,,,,"0",,,"Jul-15-26 11:48:49 PDT","Oct-15-26 11:48:49 PDT","Coats, Jackets & Vests","57988","","","New with tags",,,,,"","CA","","",""
"158086323172",Men's Brown Genuine Leather Blazer Jacket 2 Button Sport Coat Custom Made,Chest Size=SMALL,,"1","FIXED_PRICE","CAD",199.99,,,,"0",,,"Jul-15-26 11:48:49 PDT","Oct-15-26 11:48:49 PDT","Coats, Jackets & Vests","57988","","","New with tags",,,,,"","CA","","",""
"158086323172",Men's Brown Genuine Leather Blazer Jacket 2 Button Sport Coat Custom Made,Chest Size=MEDIUM,,"1","FIXED_PRICE","CAD",199.99,,,,"0",,,"Jul-15-26 11:48:49 PDT","Oct-15-26 11:48:49 PDT","Coats, Jackets & Vests","57988","","","New with tags",,,,,"","CA","","",""
"158086323172",Men's Brown Genuine Leather Blazer Jacket 2 Button Sport Coat Custom Made,Chest Size=LARGE,,"1","FIXED_PRICE","CAD",199.99,,,,"0",,,"Jul-15-26 11:48:49 PDT","Oct-15-26 11:48:49 PDT","Coats, Jackets & Vests","57988","","","New with tags",,,,,"","CA","","",""
"158086323172",Men's Brown Genuine Leather Blazer Jacket 2 Button Sport Coat Custom Made,Chest Size=X-LARGE,,"1","FIXED_PRICE","CAD",199.99,,,,"0",,,"Jul-15-26 11:48:49 PDT","Oct-15-26 11:48:49 PDT","Coats, Jackets & Vests","57988","","","New with tags",,,,,"","CA","","",""
"158086323172",Men's Brown Genuine Leather Blazer Jacket 2 Button Sport Coat Custom Made,Chest Size=2X-LARGE,,"1","FIXED_PRICE","CAD",199.99,,,,"0",,,"Jul-15-26 11:48:49 PDT","Oct-15-26 11:48:49 PDT","Coats, Jackets & Vests","57988","","","New with tags",,,,,"","CA","","",""
"158086323172",Men's Brown Genuine Leather Blazer Jacket 2 Button Sport Coat Custom Made,Chest Size=3X-LARGE,,"1","FIXED_PRICE","CAD",199.99,,,,"0",,,"Jul-15-26 11:48:49 PDT","Oct-15-26 11:48:49 PDT","Coats, Jackets & Vests","57988","","","New with tags",,,,,"","CA","","",""
"158086323172",Men's Brown Genuine Leather Blazer Jacket 2 Button Sport Coat Custom Made,Chest Size=4X-LARGE,,"1","FIXED_PRICE","CAD",199.99,,,,"0",,,"Jul-15-26 11:48:49 PDT","Oct-15-26 11:48:49 PDT","Coats, Jackets & Vests","57988","","","New with tags",,,,,"","CA","","",""
"158086415405",Men's Burgundy Genuine Leather Biker Jacket Asymmetric Zip Slim Fit Custom Made,Chest Size=XX-SMALL;X-SMALL;SMALL;MEDIUM;LARGE;X-LARGE;2X-LARGE;3X-LARGE;4X-LARGE,,"9","FIXED_PRICE","CAD",199.99,,,199.99,"0","1","0","Jul-15-26 12:34:10 PDT","Oct-15-26 12:34:10 PDT","Coats, Jackets & Vests","57988","","","New with tags","","","","","","CA","","",""
"158086415405",Men's Burgundy Genuine Leather Biker Jacket Asymmetric Zip Slim Fit Custom Made,Chest Size=XX-SMALL,,"1","FIXED_PRICE","CAD",199.99,,,,"0",,,"Jul-15-26 12:34:10 PDT","Oct-15-26 12:34:10 PDT","Coats, Jackets & Vests","57988","","","New with tags",,,,,"","CA","","",""
"158086415405",Men's Burgundy Genuine Leather Biker Jacket Asymmetric Zip Slim Fit Custom Made,Chest Size=X-SMALL,,"1","FIXED_PRICE","CAD",199.99,,,,"0",,,"Jul-15-26 12:34:10 PDT","Oct-15-26 12:34:10 PDT","Coats, Jackets & Vests","57988","","","New with tags",,,,,"","CA","","",""
"158086415405",Men's Burgundy Genuine Leather Biker Jacket Asymmetric Zip Slim Fit Custom Made,Chest Size=SMALL,,"1","FIXED_PRICE","CAD",199.99,,,,"0",,,"Jul-15-26 12:34:10 PDT","Oct-15-26 12:34:10 PDT","Coats, Jackets & Vests","57988","","","New with tags",,,,,"","CA","","",""
"158086415405",Men's Burgundy Genuine Leather Biker Jacket Asymmetric Zip Slim Fit Custom Made,Chest Size=MEDIUM,,"1","FIXED_PRICE","CAD",199.99,,,,"0",,,"Jul-15-26 12:34:10 PDT","Oct-15-26 12:34:10 PDT","Coats, Jackets & Vests","57988","","","New with tags",,,,,"","CA","","",""
"158086415405",Men's Burgundy Genuine Leather Biker Jacket Asymmetric Zip Slim Fit Custom Made,Chest Size=LARGE,,"1","FIXED_PRICE","CAD",199.99,,,,"0",,,"Jul-15-26 12:34:10 PDT","Oct-15-26 12:34:10 PDT","Coats, Jackets & Vests","57988","","","New with tags",,,,,"","CA","","",""
"158086415405",Men's Burgundy Genuine Leather Biker Jacket Asymmetric Zip Slim Fit Custom Made,Chest Size=X-LARGE,,"1","FIXED_PRICE","CAD",199.99,,,,"0",,,"Jul-15-26 12:34:10 PDT","Oct-15-26 12:34:10 PDT","Coats, Jackets & Vests","57988","","","New with tags",,,,,"","CA","","",""
"158086415405",Men's Burgundy Genuine Leather Biker Jacket Asymmetric Zip Slim Fit Custom Made,Chest Size=2X-LARGE,,"1","FIXED_PRICE","CAD",199.99,,,,"0",,,"Jul-15-26 12:34:10 PDT","Oct-15-26 12:34:10 PDT","Coats, Jackets & Vests","57988","","","New with tags",,,,,"","CA","","",""
"158086415405",Men's Burgundy Genuine Leather Biker Jacket Asymmetric Zip Slim Fit Custom Made,Chest Size=3X-LARGE,,"1","FIXED_PRICE","CAD",199.99,,,,"0",,,"Jul-15-26 12:34:10 PDT","Oct-15-26 12:34:10 PDT","Coats, Jackets & Vests","57988","","","New with tags",,,,,"","CA","","",""
"158086415405",Men's Burgundy Genuine Leather Biker Jacket Asymmetric Zip Slim Fit Custom Made,Chest Size=4X-LARGE,,"1","FIXED_PRICE","CAD",199.99,,,,"0",,,"Jul-15-26 12:34:10 PDT","Oct-15-26 12:34:10 PDT","Coats, Jackets & Vests","57988","","","New with tags",,,,,"","CA","","",""
"158086527255",Men's Terminator 2 Black Genuine Leather Belted Biker Jacket Custom Made,Chest Size=XX-SMALL;X-SMALL;SMALL;MEDIUM;LARGE;X-LARGE;2X-LARGE;3X-LARGE;4X-LARGE,,"9","FIXED_PRICE","CAD",199.99,,,199.99,"0","5","0","Jul-15-26 13:32:44 PDT","Oct-15-26 13:32:44 PDT","Coats, Jackets & Vests","57988","","","New with tags","","","","","","CA","","",""
"158086527255",Men's Terminator 2 Black Genuine Leather Belted Biker Jacket Custom Made,Chest Size=XX-SMALL,,"1","FIXED_PRICE","CAD",199.99,,,,"0",,,"Jul-15-26 13:32:44 PDT","Oct-15-26 13:32:44 PDT","Coats, Jackets & Vests","57988","","","New with tags",,,,,"","CA","","",""
"158086527255",Men's Terminator 2 Black Genuine Leather Belted Biker Jacket Custom Made,Chest Size=X-SMALL,,"1","FIXED_PRICE","CAD",199.99,,,,"0",,,"Jul-15-26 13:32:44 PDT","Oct-15-26 13:32:44 PDT","Coats, Jackets & Vests","57988","","","New with tags",,,,,"","CA","","",""
"158086527255",Men's Terminator 2 Black Genuine Leather Belted Biker Jacket Custom Made,Chest Size=SMALL,,"1","FIXED_PRICE","CAD",199.99,,,,"0",,,"Jul-15-26 13:32:44 PDT","Oct-15-26 13:32:44 PDT","Coats, Jackets & Vests","57988","","","New with tags",,,,,"","CA","","",""
"158086527255",Men's Terminator 2 Black Genuine Leather Belted Biker Jacket Custom Made,Chest Size=MEDIUM,,"1","FIXED_PRICE","CAD",199.99,,,,"0",,,"Jul-15-26 13:32:44 PDT","Oct-15-26 13:32:44 PDT","Coats, Jackets & Vests","57988","","","New with tags",,,,,"","CA","","",""
"158086527255",Men's Terminator 2 Black Genuine Leather Belted Biker Jacket Custom Made,Chest Size=LARGE,,"1","FIXED_PRICE","CAD",199.99,,,,"0",,,"Jul-15-26 13:32:44 PDT","Oct-15-26 13:32:44 PDT","Coats, Jackets & Vests","57988","","","New with tags",,,,,"","CA","","",""
"158086527255",Men's Terminator 2 Black Genuine Leather Belted Biker Jacket Custom Made,Chest Size=X-LARGE,,"1","FIXED_PRICE","CAD",199.99,,,,"0",,,"Jul-15-26 13:32:44 PDT","Oct-15-26 13:32:44 PDT","Coats, Jackets & Vests","57988","","","New with tags",,,,,"","CA","","",""
"158086527255",Men's Terminator 2 Black Genuine Leather Belted Biker Jacket Custom Made,Chest Size=2X-LARGE,,"1","FIXED_PRICE","CAD",199.99,,,,"0",,,"Jul-15-26 13:32:44 PDT","Oct-15-26 13:32:44 PDT","Coats, Jackets & Vests","57988","","","New with tags",,,,,"","CA","","",""
"158086527255",Men's Terminator 2 Black Genuine Leather Belted Biker Jacket Custom Made,Chest Size=3X-LARGE,,"1","FIXED_PRICE","CAD",199.99,,,,"0",,,"Jul-15-26 13:32:44 PDT","Oct-15-26 13:32:44 PDT","Coats, Jackets & Vests","57988","","","New with tags",,,,,"","CA","","",""
"158086527255",Men's Terminator 2 Black Genuine Leather Belted Biker Jacket Custom Made,Chest Size=4X-LARGE,,"1","FIXED_PRICE","CAD",199.99,,,,"0",,,"Jul-15-26 13:32:44 PDT","Oct-15-26 13:32:44 PDT","Coats, Jackets & Vests","57988","","","New with tags",,,,,"","CA","","",""
"158089903864",Men's Arrow Arsenal Burgundy Genuine Leather Hooded Jacket Lace Up Custom Made,Chest Size=XX-SMALL;X-SMALL;SMALL;MEDIUM;LARGE;X-LARGE;2X-LARGE;3X-LARGE;4X-LARGE,,"9","FIXED_PRICE","CAD",199.99,,,199.99,"0","","","Jul-16-26 13:16:40 PDT","Oct-16-26 13:16:40 PDT","Coats, Jackets & Vests","57988","","","New with tags","","","","","","CA","","",""
"158089903864",Men's Arrow Arsenal Burgundy Genuine Leather Hooded Jacket Lace Up Custom Made,Chest Size=XX-SMALL,,"1","FIXED_PRICE","CAD",199.99,,,,"0",,,"Jul-16-26 13:16:40 PDT","Oct-16-26 13:16:40 PDT","Coats, Jackets & Vests","57988","","","New with tags",,,,,"","CA","","",""
"158089903864",Men's Arrow Arsenal Burgundy Genuine Leather Hooded Jacket Lace Up Custom Made,Chest Size=X-SMALL,,"1","FIXED_PRICE","CAD",199.99,,,,"0",,,"Jul-16-26 13:16:40 PDT","Oct-16-26 13:16:40 PDT","Coats, Jackets & Vests","57988","","","New with tags",,,,,"","CA","","",""
"158089903864",Men's Arrow Arsenal Burgundy Genuine Leather Hooded Jacket Lace Up Custom Made,Chest Size=SMALL,,"1","FIXED_PRICE","CAD",199.99,,,,"0",,,"Jul-16-26 13:16:40 PDT","Oct-16-26 13:16:40 PDT","Coats, Jackets & Vests","57988","","","New with tags",,,,,"","CA","","",""
"158089903864",Men's Arrow Arsenal Burgundy Genuine Leather Hooded Jacket Lace Up Custom Made,Chest Size=MEDIUM,,"1","FIXED_PRICE","CAD",199.99,,,,"0",,,"Jul-16-26 13:16:40 PDT","Oct-16-26 13:16:40 PDT","Coats, Jackets & Vests","57988","","","New with tags",,,,,"","CA","","",""
"158089903864",Men's Arrow Arsenal Burgundy Genuine Leather Hooded Jacket Lace Up Custom Made,Chest Size=LARGE,,"1","FIXED_PRICE","CAD",199.99,,,,"0",,,"Jul-16-26 13:16:40 PDT","Oct-16-26 13:16:40 PDT","Coats, Jackets & Vests","57988","","","New with tags",,,,,"","CA","","",""
"158089903864",Men's Arrow Arsenal Burgundy Genuine Leather Hooded Jacket Lace Up Custom Made,Chest Size=X-LARGE,,"1","FIXED_PRICE","CAD",199.99,,,,"0",,,"Jul-16-26 13:16:40 PDT","Oct-16-26 13:16:40 PDT","Coats, Jackets & Vests","57988","","","New with tags",,,,,"","CA","","",""
"158089903864",Men's Arrow Arsenal Burgundy Genuine Leather Hooded Jacket Lace Up Custom Made,Chest Size=2X-LARGE,,"1","FIXED_PRICE","CAD",199.99,,,,"0",,,"Jul-16-26 13:16:40 PDT","Oct-16-26 13:16:40 PDT","Coats, Jackets & Vests","57988","","","New with tags",,,,,"","CA","","",""
"158089903864",Men's Arrow Arsenal Burgundy Genuine Leather Hooded Jacket Lace Up Custom Made,Chest Size=3X-LARGE,,"1","FIXED_PRICE","CAD",199.99,,,,"0",,,"Jul-16-26 13:16:40 PDT","Oct-16-26 13:16:40 PDT","Coats, Jackets & Vests","57988","","","New with tags",,,,,"","CA","","",""
"158089903864",Men's Arrow Arsenal Burgundy Genuine Leather Hooded Jacket Lace Up Custom Made,Chest Size=4X-LARGE,,"1","FIXED_PRICE","CAD",199.99,,,,"0",,,"Jul-16-26 13:16:40 PDT","Oct-16-26 13:16:40 PDT","Coats, Jackets & Vests","57988","","","New with tags",,,,,"","CA","","",""
"158092514473",Men's Brown Genuine Lambskin Leather Bomber Jacket Detachable Hood Custom Made,Chest Size=XX-SMALL;X-SMALL;SMALL;MEDIUM;LARGE;X-LARGE;2X-LARGE;3X-LARGE;4X-LARGE,,"9","FIXED_PRICE","CAD",199.99,,,199.99,"0","","","Jul-17-26 07:39:41 PDT","Oct-17-26 07:39:41 PDT","Coats, Jackets & Vests","57988","","","New with tags","","","","","","CA","","",""
"158092514473",Men's Brown Genuine Lambskin Leather Bomber Jacket Detachable Hood Custom Made,Chest Size=XX-SMALL,,"1","FIXED_PRICE","CAD",199.99,,,,"0",,,"Jul-17-26 07:39:41 PDT","Oct-17-26 07:39:41 PDT","Coats, Jackets & Vests","57988","","","New with tags",,,,,"","CA","","",""
"158092514473",Men's Brown Genuine Lambskin Leather Bomber Jacket Detachable Hood Custom Made,Chest Size=X-SMALL,,"1","FIXED_PRICE","CAD",199.99,,,,"0",,,"Jul-17-26 07:39:41 PDT","Oct-17-26 07:39:41 PDT","Coats, Jackets & Vests","57988","","","New with tags",,,,,"","CA","","",""
"158092514473",Men's Brown Genuine Lambskin Leather Bomber Jacket Detachable Hood Custom Made,Chest Size=SMALL,,"1","FIXED_PRICE","CAD",199.99,,,,"0",,,"Jul-17-26 07:39:41 PDT","Oct-17-26 07:39:41 PDT","Coats, Jackets & Vests","57988","","","New with tags",,,,,"","CA","","",""
"158092514473",Men's Brown Genuine Lambskin Leather Bomber Jacket Detachable Hood Custom Made,Chest Size=MEDIUM,,"1","FIXED_PRICE","CAD",199.99,,,,"0",,,"Jul-17-26 07:39:41 PDT","Oct-17-26 07:39:41 PDT","Coats, Jackets & Vests","57988","","","New with tags",,,,,"","CA","","",""
"158092514473",Men's Brown Genuine Lambskin Leather Bomber Jacket Detachable Hood Custom Made,Chest Size=LARGE,,"1","FIXED_PRICE","CAD",199.99,,,,"0",,,"Jul-17-26 07:39:41 PDT","Oct-17-26 07:39:41 PDT","Coats, Jackets & Vests","57988","","","New with tags",,,,,"","CA","","",""
"158092514473",Men's Brown Genuine Lambskin Leather Bomber Jacket Detachable Hood Custom Made,Chest Size=X-LARGE,,"1","FIXED_PRICE","CAD",199.99,,,,"0",,,"Jul-17-26 07:39:41 PDT","Oct-17-26 07:39:41 PDT","Coats, Jackets & Vests","57988","","","New with tags",,,,,"","CA","","",""
"158092514473",Men's Brown Genuine Lambskin Leather Bomber Jacket Detachable Hood Custom Made,Chest Size=2X-LARGE,,"1","FIXED_PRICE","CAD",199.99,,,,"0",,,"Jul-17-26 07:39:41 PDT","Oct-17-26 07:39:41 PDT","Coats, Jackets & Vests","57988","","","New with tags",,,,,"","CA","","",""
"158092514473",Men's Brown Genuine Lambskin Leather Bomber Jacket Detachable Hood Custom Made,Chest Size=3X-LARGE,,"1","FIXED_PRICE","CAD",199.99,,,,"0",,,"Jul-17-26 07:39:41 PDT","Oct-17-26 07:39:41 PDT","Coats, Jackets & Vests","57988","","","New with tags",,,,,"","CA","","",""
"158092514473",Men's Brown Genuine Lambskin Leather Bomber Jacket Detachable Hood Custom Made,Chest Size=4X-LARGE,,"1","FIXED_PRICE","CAD",199.99,,,,"0",,,"Jul-17-26 07:39:41 PDT","Oct-17-26 07:39:41 PDT","Coats, Jackets & Vests","57988","","","New with tags",,,,,"","CA","","",""
"158102730379",Women’s Black Sheepskin Leather Puffer Coat Detachable Fur Hood Custom Made,Chest Size=XX-SMALL;X-SMALL;SMALL;MEDIUM;LARGE;X-LARGE;2X-LARGE;3X-LARGE;4X-LARGE,,"9","FIXED_PRICE","CAD",205.16,,,205.16,"0","","","Jul-20-26 10:15:26 PDT","Oct-20-26 10:15:26 PDT","Coats, Jackets & Vests","63862","","","New with tags","","","","","","CA","","",""
"158102730379",Women’s Black Sheepskin Leather Puffer Coat Detachable Fur Hood Custom Made,Chest Size=XX-SMALL,,"1","FIXED_PRICE","CAD",205.16,,,,"0",,,"Jul-20-26 10:15:26 PDT","Oct-20-26 10:15:26 PDT","Coats, Jackets & Vests","63862","","","New with tags",,,,,"","CA","","",""
"158102730379",Women’s Black Sheepskin Leather Puffer Coat Detachable Fur Hood Custom Made,Chest Size=X-SMALL,,"1","FIXED_PRICE","CAD",205.16,,,,"0",,,"Jul-20-26 10:15:26 PDT","Oct-20-26 10:15:26 PDT","Coats, Jackets & Vests","63862","","","New with tags",,,,,"","CA","","",""
"158102730379",Women’s Black Sheepskin Leather Puffer Coat Detachable Fur Hood Custom Made,Chest Size=SMALL,,"1","FIXED_PRICE","CAD",205.16,,,,"0",,,"Jul-20-26 10:15:26 PDT","Oct-20-26 10:15:26 PDT","Coats, Jackets & Vests","63862","","","New with tags",,,,,"","CA","","",""
"158102730379",Women’s Black Sheepskin Leather Puffer Coat Detachable Fur Hood Custom Made,Chest Size=MEDIUM,,"1","FIXED_PRICE","CAD",205.16,,,,"0",,,"Jul-20-26 10:15:26 PDT","Oct-20-26 10:15:26 PDT","Coats, Jackets & Vests","63862","","","New with tags",,,,,"","CA","","",""
"158102730379",Women’s Black Sheepskin Leather Puffer Coat Detachable Fur Hood Custom Made,Chest Size=LARGE,,"1","FIXED_PRICE","CAD",205.16,,,,"0",,,"Jul-20-26 10:15:26 PDT","Oct-20-26 10:15:26 PDT","Coats, Jackets & Vests","63862","","","New with tags",,,,,"","CA","","",""
"158102730379",Women’s Black Sheepskin Leather Puffer Coat Detachable Fur Hood Custom Made,Chest Size=X-LARGE,,"1","FIXED_PRICE","CAD",205.16,,,,"0",,,"Jul-20-26 10:15:26 PDT","Oct-20-26 10:15:26 PDT","Coats, Jackets & Vests","63862","","","New with tags",,,,,"","CA","","",""
"158102730379",Women’s Black Sheepskin Leather Puffer Coat Detachable Fur Hood Custom Made,Chest Size=2X-LARGE,,"1","FIXED_PRICE","CAD",205.16,,,,"0",,,"Jul-20-26 10:15:26 PDT","Oct-20-26 10:15:26 PDT","Coats, Jackets & Vests","63862","","","New with tags",,,,,"","CA","","",""
"158102730379",Women’s Black Sheepskin Leather Puffer Coat Detachable Fur Hood Custom Made,Chest Size=3X-LARGE,,"1","FIXED_PRICE","CAD",205.16,,,,"0",,,"Jul-20-26 10:15:26 PDT","Oct-20-26 10:15:26 PDT","Coats, Jackets & Vests","63862","","","New with tags",,,,,"","CA","","",""
"158102730379",Women’s Black Sheepskin Leather Puffer Coat Detachable Fur Hood Custom Made,Chest Size=4X-LARGE,,"1","FIXED_PRICE","CAD",205.16,,,,"0",,,"Jul-20-26 10:15:26 PDT","Oct-20-26 10:15:26 PDT","Coats, Jackets & Vests","63862","","","New with tags",,,,,"","CA","","",""
"158106012497",Women's Black Genuine Leather Biker Jacket Lace Up Corset Custom Made,Chest Size=XX-SMALL;X-SMALL;SMALL;MEDIUM;LARGE;X-LARGE;2X-LARGE;3X-LARGE;4X-LARGE,,"9","FIXED_PRICE","CAD",205.16,,,205.16,"0","","","Jul-21-26 09:45:51 PDT","Oct-21-26 09:45:51 PDT","Coats, Jackets & Vests","63862","","","New with tags","","","","","","CA","","",""
"158106012497",Women's Black Genuine Leather Biker Jacket Lace Up Corset Custom Made,Chest Size=XX-SMALL,,"1","FIXED_PRICE","CAD",205.16,,,,"0",,,"Jul-21-26 09:45:51 PDT","Oct-21-26 09:45:51 PDT","Coats, Jackets & Vests","63862","","","New with tags",,,,,"","CA","","",""
"158106012497",Women's Black Genuine Leather Biker Jacket Lace Up Corset Custom Made,Chest Size=X-SMALL,,"1","FIXED_PRICE","CAD",205.16,,,,"0",,,"Jul-21-26 09:45:51 PDT","Oct-21-26 09:45:51 PDT","Coats, Jackets & Vests","63862","","","New with tags",,,,,"","CA","","",""
"158106012497",Women's Black Genuine Leather Biker Jacket Lace Up Corset Custom Made,Chest Size=SMALL,,"1","FIXED_PRICE","CAD",205.16,,,,"0",,,"Jul-21-26 09:45:51 PDT","Oct-21-26 09:45:51 PDT","Coats, Jackets & Vests","63862","","","New with tags",,,,,"","CA","","",""
"158106012497",Women's Black Genuine Leather Biker Jacket Lace Up Corset Custom Made,Chest Size=MEDIUM,,"1","FIXED_PRICE","CAD",205.16,,,,"0",,,"Jul-21-26 09:45:51 PDT","Oct-21-26 09:45:51 PDT","Coats, Jackets & Vests","63862","","","New with tags",,,,,"","CA","","",""
"158106012497",Women's Black Genuine Leather Biker Jacket Lace Up Corset Custom Made,Chest Size=LARGE,,"1","FIXED_PRICE","CAD",205.16,,,,"0",,,"Jul-21-26 09:45:51 PDT","Oct-21-26 09:45:51 PDT","Coats, Jackets & Vests","63862","","","New with tags",,,,,"","CA","","",""
"158106012497",Women's Black Genuine Leather Biker Jacket Lace Up Corset Custom Made,Chest Size=X-LARGE,,"1","FIXED_PRICE","CAD",205.16,,,,"0",,,"Jul-21-26 09:45:51 PDT","Oct-21-26 09:45:51 PDT","Coats, Jackets & Vests","63862","","","New with tags",,,,,"","CA","","",""
"158106012497",Women's Black Genuine Leather Biker Jacket Lace Up Corset Custom Made,Chest Size=2X-LARGE,,"1","FIXED_PRICE","CAD",205.16,,,,"0",,,"Jul-21-26 09:45:51 PDT","Oct-21-26 09:45:51 PDT","Coats, Jackets & Vests","63862","","","New with tags",,,,,"","CA","","",""
"158106012497",Women's Black Genuine Leather Biker Jacket Lace Up Corset Custom Made,Chest Size=3X-LARGE,,"1","FIXED_PRICE","CAD",205.16,,,,"0",,,"Jul-21-26 09:45:51 PDT","Oct-21-26 09:45:51 PDT","Coats, Jackets & Vests","63862","","","New with tags",,,,,"","CA","","",""
"158106012497",Women's Black Genuine Leather Biker Jacket Lace Up Corset Custom Made,Chest Size=4X-LARGE,,"1","FIXED_PRICE","CAD",205.16,,,,"0",,,"Jul-21-26 09:45:51 PDT","Oct-21-26 09:45:51 PDT","Coats, Jackets & Vests","63862","","","New with tags",,,,,"","CA","","",""