TITLE,DESCRIPTION,PRICE,CURRENCY_CODE,QUANTITY,TAGS,MATERIALS,IMAGE1,IMAGE2,IMAGE3,IMAGE4,IMAGE5,IMAGE6,IMAGE7,IMAGE8,IMAGE9,IMAGE10,"VARIATION 1 TYPE","VARIATION 1 NAME","VARIATION 1 VALUES","VARIATION 2 TYPE","VARIATION 2 NAME","VARIATION 2 VALUES","VARIATION 3 TYPE","VARIATION 3 NAME","VARIATION 3 VALUES",SKU
"Men's Tactical Leather Vest, Vigilante Cosplay Armor, Skull Combat Costume, Sci Fi Utility Gear","Men's Tactical Leather Vest

A bold men's tactical leather vest featuring a black and grey skull-inspired armored design, adjustable shoulder straps, multiple side buckles, utility-style pockets, and detailed tactical panels. Created for buyers looking for distinctive vigilante cosplay armor, sci-fi costume gear, tactical-inspired fashion, and statement leather outerwear.

The structured skull chest design and functional-looking utility details give this vest a strong combat-inspired appearance while making it ideal for cosplay, conventions, Halloween, themed events, photography, and alternative fashion.

Key Features
Black and grey tactical leather vest design
Skull-inspired armored chest panel
Adjustable shoulder straps
Multiple side buckle adjustments
Utility-style front and side pockets
Tactical tube and accessory holders
Detailed front and back armor-style panels
Sleeveless combat-inspired silhouette
Sci-fi and vigilante cosplay styling
Designed for layering over shirts or costume outfits
Multiple size options available
Custom Made & Bespoke Options

Custom sizing and bespoke modifications are available upon request.

If you would like any changes to the standard vest — such as measurements, fit, colour, leather type, lining, straps, hardware, pockets, patches, or other design details — please message us through Etsy before placing your order.

Customizations may involve an additional cost depending on the requested changes. We will discuss your requirements and confirm the final customization price before the custom order is placed.

For made-to-measure sizing, please provide:

Chest
Shoulder
Waist
Vest length

Please double-check all measurements, colours, patches, and customization details before confirming your order.

Ideal For

This tactical vest is suitable for:

Vigilante cosplay
Sci-fi cosplay
Tactical costume styling
Skull-inspired costumes
Comic and fan conventions
Halloween costumes
Gaming-inspired outfits
Photography and stage costumes
Alternative fashion
Themed events and festivals
Shipping & Customs

Free delivery applies where shown on the listing.

Any customs duties, import taxes, or destination-country charges are the buyer's responsibility and are not included in the item price.

Standard Size Returns & Custom Orders

Standard-size orders:
Orders placed in our regular standard US sizes are eligible for returns within 30 days, subject to the shop's return conditions.

Custom orders:
Custom-sized, made-to-measure, custom-colour, personalized, patched, or otherwise modified items are generally non-returnable, as they are made specifically to the buyer's requirements.

Custom items may only be eligible for resolution if they arrive damaged, defective, or significantly different from the agreed specifications or listing description.

Please make sure all measurements, colours, patches, and customization details are correct before confirming a custom order.

Note

Colors may appear slightly different due to screen settings, photography, or lighting conditions.

Leather may show slight variations in shade, grain, and texture. These characteristics are part of the individuality of the material and are not considered defects.

Please message us anytime if you have questions about sizing, fit, materials, or customization before ordering.

Care Instructions

Professional leather cleaning is recommended.

Avoid excessive moisture and prolonged exposure to direct sunlight.

Store the vest in a cool, dry place when not in use.

Kingsford Leather

Thank you for choosing Kingsford Leather.

We focus on distinctive leather outerwear, quality craftsmanship, custom-fit options, personalized designs, and timeless style.",199.99,CAD,16,"punisher_vest,vigilante_cosplay,vigilante_costume,leather_vest_costume,tactical_vest,tactical_vest_men,leather_armor,tactical_armor,cosplay_armor,sci_fi_vest,tactical_gear,mens_leather_vest,punisher_cosplay","Metal,Leather,Polyester,Nylon",https://i.etsystatic.com/66400165/r/il/a44da3/8587678349/il_fullxfull.8587678349_6o18.jpg,https://i.etsystatic.com/66400165/r/il/8c54d9/8587678347/il_fullxfull.8587678347_7wu8.jpg,https://i.etsystatic.com/66400165/r/il/4e2026/8539813940/il_fullxfull.8539813940_koo9.jpg,https://i.etsystatic.com/66400165/r/il/b124c3/8587678339/il_fullxfull.8587678339_fydr.jpg,https://i.etsystatic.com/66400165/r/il/001d4e/8587678345/il_fullxfull.8587678345_d5tn.jpg,https://i.etsystatic.com/66400165/r/il/5c4c2c/8539813946/il_fullxfull.8539813946_5s2u.jpg,https://i.etsystatic.com/66400165/r/il/d1141f/8539813978/il_fullxfull.8539813978_na7g.jpg,https://i.etsystatic.com/66400165/r/il/b9e1c6/8539813918/il_fullxfull.8539813918_nerj.jpg,,,"Men's chest size","Chest size","XXS,XS,S,M,L,XL,2X,3X",,,,,,,
"Men's Leather Vest Costume, Ren Faire Medieval Jerkin, Pirate Viking Doublet, Steampunk Waistcoat","Men's Black Leather Vest Costume

A distinctive men's black leather vest costume featuring a high stand collar, antique brass-tone button detailing, adjustable lace-up sides, and a corset-style lace-up back. Inspired by medieval, Renaissance, pirate, Viking, gothic, and steampunk fashion, this sleeveless waistcoat is designed for Ren Faire events, LARP, cosplay, festivals, themed occasions, and alternative fashion.

Its structured design makes it a versatile choice for buyers looking for a Ren Faire vest, medieval jerkin, leather doublet, pirate vest, Viking vest, or steampunk leather waistcoat.

Key Features
Black leather construction
Men's sleeveless waistcoat design
High stand collar
Antique brass-tone decorative buttons
Adjustable lace-up side panels
Corset-style lace-up back
Structured pointed front hem
Detailed panel stitching
Medieval and Renaissance-inspired styling
Pirate and Viking costume influence
Gothic and steampunk aesthetic
Comfortable layered fit
Suitable for costumes and alternative fashion
Available in multiple sizes
Custom Made & Bespoke Options

Custom sizing and bespoke modifications are available upon request.

If you would like any changes to the standard vest — such as measurements, fit, length, colour, leather type, lining, hardware, buttons, lace-up details, pockets, patches, or other design elements — please message us through Etsy before placing your order.

Customizations may involve an additional cost depending on the requested changes. We will discuss your requirements and confirm the final customization price before the custom order is placed.

For made-to-measure sizing, please provide:

Chest
Shoulder
Waist
Vest length

Please double-check all measurements, colours, patches, and customization details before confirming your order.

Ideal For

This leather vest is suitable for:

Renaissance Faires
Ren Faire costumes
Medieval outfits
Pirate costumes
Viking outfits
LARP events
Cosplay events
Steampunk fashion
Gothic styling
Halloween costumes
Fantasy-inspired outfits
Festivals and themed events
Alternative fashion
Stage and performance outfits
Shipping & Customs

Free delivery applies where shown on the listing.

Any customs duties, import taxes, or destination-country charges are the buyer's responsibility and are not included in the item price.

Standard Size Returns & Custom Orders

Standard-size orders:
Orders placed in our regular standard US sizes are eligible for returns within 30 days, subject to the shop's return conditions.

Custom orders:
Custom-sized, made-to-measure, custom-colour, personalized, patched, or otherwise modified items are generally non-returnable, as they are made specifically to the buyer's requirements.

Custom items may only be eligible for resolution if they arrive damaged, defective, or significantly different from the agreed specifications or listing description.

Please make sure all measurements, colours, patches, and customization details are correct before confirming a custom order.

Note

Colors may appear slightly different due to screen settings, photography, or lighting conditions.

Leather may also show slight variations in shade, grain, and texture. These characteristics are part of the individuality of the material and are not considered defects.

Please message us anytime if you have questions about sizing, fit, materials, or customization before ordering.

Care Instructions

Professional leather cleaning is recommended.

Avoid excessive moisture and prolonged exposure to direct sunlight.

Store the vest on a suitable hanger in a cool, dry place when not in use.

Kingsford Leather

Thank you for choosing Kingsford Leather.

We focus on distinctive leather outerwear, quality craftsmanship, custom-fit options, personalized designs, and timeless style.",179.99,CAD,16,"leather_vest_costume,ren_faire_vest,mens_leather_vest,leather_doublet,medieval_jerkin,leather_waistcoat,pirate_vest,viking_vest,renaissance_vest,steampunk_vest,larp_costume,lace_up_leather_vest,medieval_doublet",Leather,https://i.etsystatic.com/66400165/r/il/b243f4/8585164717/il_fullxfull.8585164717_7et7.jpg,https://i.etsystatic.com/66400165/r/il/32ca01/8537297252/il_fullxfull.8537297252_ca7a.jpg,https://i.etsystatic.com/66400165/r/il/22a485/8585164715/il_fullxfull.8585164715_1wcc.jpg,https://i.etsystatic.com/66400165/r/il/f9b5c3/8537297250/il_fullxfull.8537297250_jfo2.jpg,https://i.etsystatic.com/66400165/r/il/8b99f2/8585164701/il_fullxfull.8585164701_aiob.jpg,https://i.etsystatic.com/66400165/r/il/df6aa9/8537297248/il_fullxfull.8537297248_oi23.jpg,https://i.etsystatic.com/66400165/r/il/f15cf5/8585164727/il_fullxfull.8585164727_ptzq.jpg,https://i.etsystatic.com/66400165/r/il/4b1bce/8538085514/il_fullxfull.8538085514_8nfz.jpg,,,"Men's chest size","Chest size","XXS,XS,S,M,L,XL,2X,3X",,,,,,,
"Jaafar Jackson Michael Blue Military Jacket, MJ Navy Gold Button Officer Coat, Pop Star Stage Costume Blazer Gift","Michael Jackson Inspired Blue Military Jacket

This Michael Jackson-inspired blue military jacket is designed with a bold navy blue finish, striking red accents, gold-tone button detailing, and a structured officer-style silhouette. The distinctive military-inspired design makes it ideal for stage performances, tribute outfits, cosplay, concerts, and statement fashion.

Crafted with a structured fabric construction and detailed decorative elements, this jacket combines classic military styling with an iconic pop-stage inspired appearance.

Key Features
Navy blue fabric construction
Military-inspired officer jacket design
Bold red contrast detailing
Gold-tone decorative buttons
Structured high-collar styling
Long sleeves
Detailed shoulder and front accents
Tailored statement fit
Designed for performance, costume, and occasion wear
Custom Made & Bespoke Options

Custom sizing and bespoke modifications are available upon request.

If you would like any changes to the standard jacket — such as measurements, fit, length, colour, material, lining, hardware, buttons, detailing, or other design features — please message us through Etsy before placing your order.

Customizations may involve an additional cost depending on the requested changes. We will discuss your requirements and confirm the final customization price with you before the custom order is placed.

For made-to-measure sizing, please provide:

Chest
Shoulder
Sleeve
Waist
Jacket length

Please double-check all measurements and customization details before confirming your order.

Ideal For

This blue military performance jacket is ideal for stage performances, Michael Jackson-inspired outfits, Jaafar Jackson-inspired styling, tribute performances, cosplay events, concerts, dance performances, pop-star costumes, and collectors of distinctive statement jackets.

Shipping & Customs

Free delivery applies where shown on the listing.

For US deliveries, applicable import duties and fees are included in the checkout price where required by Etsy.

For non-US deliveries, buyers may be responsible for customs duties, import taxes, tariffs, or other destination-country charges. Customs-related delays are outside our control.

Returns & Custom Orders

Custom-made, personalized, or made-to-measure items are generally non-returnable unless the item arrives damaged, defective, or significantly different from the agreed specifications or listing description.

Please make sure all measurements and customization details are correct before confirming your custom order.

Note

Colors may appear slightly different due to screen/lighting settings. Message us anytime with questions about fit or customization!

Minor variations in colour or detailing may occur between individual handmade or made-to-order pieces.

Care Instructions

Professional cleaning is recommended.

Avoid excessive moisture and prolonged direct sunlight. Store the jacket on a suitable hanger in a cool, dry place to help maintain its shape and detailing.

Kingsford Leather

Thank you for choosing Kingsford Leather.

We focus on distinctive outerwear, quality craftsmanship, custom-fit options, and timeless statement designs.",169.99,CAD,18,"jaafar_jackson,military_jacket,gold_button_coat,officer_jacket,parade_jacket,hussar_jacket,stage_costume,cosplay_jacket,michael_jackson,mj_jacket,celebrity_jacket,concert_outfit,performance_jacket",Cotton,https://i.etsystatic.com/66400165/r/il/36b68d/8381122941/il_fullxfull.8381122941_iisl.jpg,https://i.etsystatic.com/66400165/r/il/1cd87f/8189445999/il_fullxfull.8189445999_33hq.jpg,https://i.etsystatic.com/66400165/r/il/39e494/8381122929/il_fullxfull.8381122929_cnix.jpg,https://i.etsystatic.com/66400165/r/il/1f64da/8381122933/il_fullxfull.8381122933_s8dj.jpg,https://i.etsystatic.com/66400165/r/il/d123ef/8381122931/il_fullxfull.8381122931_m79h.jpg,https://i.etsystatic.com/66400165/r/il/31aec3/8381122939/il_fullxfull.8381122939_icyb.jpg,https://i.etsystatic.com/66400165/r/il/807c91/8381122935/il_fullxfull.8381122935_6mlr.jpg,https://i.etsystatic.com/66400165/r/il/494f99/8381122955/il_fullxfull.8381122955_ryen.jpg,,,"Men's chest size",Size,"XXS,XS,S,M,L,XL,2X,3X,4X",,,,,,,
"Men's Leather Trench Coat, Brown Gambit Cosplay, Long Duster, Gothic Steampunk Belted Overcoat","Men's Brown Leather Trench Coat

A bold men's brown leather trench coat combining classic longline outerwear with distinctive Gambit-inspired styling. Designed with structured stitched lapels, shoulder epaulettes, an adjustable waist belt, and buckle-detailed cuffs, this coat delivers a strong statement look for cosplay, conventions, themed outfits, and everyday alternative fashion.

Its long trench silhouette works well for buyers searching for a Gambit cosplay coat, men's leather trench coat, gothic long coat, steampunk outerwear, or distinctive leather costume piece.

Key Features
Genuine leather construction
Rich brown leather finish
Long leather trench coat silhouette
Gambit-inspired cosplay styling
Wide structured stitched lapels
Shoulder epaulette detailing
Adjustable waist belt
Double-buckle cuff details
Longline duster-style design
Comfortable inner lining
Vintage-inspired statement appearance
Gothic and steampunk styling influence
Custom Made & Bespoke Options

Custom sizing and bespoke modifications are available upon request.

If you would like any changes to the standard coat — including measurements, fit, jacket length, colour, leather type, lining, hardware, pockets, patches, or other design details — please message us through Etsy before placing your order.

Customizations may involve an additional cost depending on the requested changes. We will discuss your requirements and confirm the final customization price before the custom order is placed.

For made-to-measure sizing, please provide:

Chest
Shoulder
Sleeve
Waist
Jacket length

Please double-check all measurements, colours, patches, and customization details before confirming your order.

Ideal For

A versatile long leather coat suitable for:

Gambit cosplay
Comic conventions
Cosplay events
Halloween costumes
Gothic outfits
Steampunk styling
Vintage-inspired fashion
Themed events
Statement streetwear
Alternative fashion
Everyday leather outerwear
Shipping & Customs

Free delivery applies where shown on the listing.

Any customs duties, import taxes, or destination-country charges are the buyer's responsibility and are not included in the item price.

Standard Size Returns & Custom Orders

Standard-size orders:
Orders placed in our regular standard US sizes are eligible for returns within 30 days, subject to the shop's return conditions.

Custom orders:
Custom-sized, made-to-measure, custom-colour, personalized, patched, or otherwise modified items are generally non-returnable, as they are made specifically to the buyer's requirements.

Custom items may only be eligible for resolution if they arrive damaged, defective, or significantly different from the agreed specifications or listing description.

Please make sure all measurements, colours, patches, and customization details are correct before confirming a custom order.

Note

Colors may appear slightly different due to screen settings, photography, or lighting conditions.

Natural leather may also show slight variations in shade, grain, and texture. These natural characteristics are part of the individuality of genuine leather and are not considered defects.

Please message us anytime if you have questions about sizing, fit, materials, or customization before ordering.

Care Instructions

Professional leather cleaning is recommended.

Avoid excessive moisture and prolonged exposure to direct sunlight.

Store the coat on a suitable hanger in a cool, dry place when not in use.

Kingsford Leather

Thank you for choosing Kingsford Leather.

We focus on distinctive leather outerwear, quality craftsmanship, custom-fit options, personalized designs, and timeless style.",239.99,CAD,18,"mens_leather_trench,leather_trench_coat,gambit_coat,gambit_cosplay,gambit_costume,long_leather_coat,gothic_trench,steampunk_coat,cosplay_coat,brown_trench_coat,leather_duster,mens_trench_coat,belted_overcoat",Leather,https://i.etsystatic.com/66400165/r/il/fbff37/8577525631/il_fullxfull.8577525631_aysz.jpg,https://i.etsystatic.com/66400165/r/il/1220a9/8529662998/il_fullxfull.8529662998_99o3.jpg,https://i.etsystatic.com/66400165/r/il/cce4ea/8577525637/il_fullxfull.8577525637_g4sb.jpg,https://i.etsystatic.com/66400165/r/il/70fcfa/8529663000/il_fullxfull.8529663000_6z5f.jpg,https://i.etsystatic.com/66400165/r/il/1f4b20/8577525629/il_fullxfull.8577525629_6ca8.jpg,https://i.etsystatic.com/66400165/r/il/2d0d3d/8577525627/il_fullxfull.8577525627_24p3.jpg,https://i.etsystatic.com/66400165/r/il/3223d6/8585955639/il_fullxfull.8585955639_axt1.jpg,,,,"Men's chest size",Size,"XXS,XS,S,M,L,XL,4X,3X,2X",,,,,,,
"Men's Suede Jacket, Brown A1 Bomber, Button Front Flight Style","Men's Brown Suede A1 Bomber Jacket

A timeless men's suede jacket inspired by the classic A1 bomber style. Crafted in rich brown suede with a traditional button-front closure, ribbed cuffs and hem, and practical front pockets, this jacket combines vintage flight-jacket character with an easy everyday look.

 Key Features

* Genuine suede leather
* Classic A1 bomber jacket style
* Rich brown suede finish
* Button-front closure
* Ribbed cuffs and hem
* Functional front pockets
* Comfortable everyday fit
* Vintage-inspired flight jacket design

Custom Made & Bespoke Options

Custom sizing and bespoke modifications are available upon request.

If you would like any changes to the standard jacket — such as measurements, fit, length, colour, leather type, lining, hardware, pockets, or other design details — please message us through Etsy before placing your order.

Customizations may involve an additional cost depending on the requested changes. We will discuss your requirements and confirm the final customization price with you before the custom order is placed.

For made-to-measure sizing, please provide:

* Chest
* Shoulder
* Sleeve
* Waist
* Jacket length

Please double-check all measurements and customization details before confirming your order.

Ideal For

A versatile brown suede bomber jacket suitable for:

* Everyday wear
* Casual outings
* Travel
* Evenings
* Vintage-inspired outfits
* Classic menswear styling

Shipping & Customs

Free delivery applies where shown on the listing.

Any customs duties, import taxes, or destination-country charges are the buyer's responsibility and are not included in the item price.

Returns & Custom Orders

Custom-made, personalized, or made-to-measure items are generally non-returnable unless the item arrives damaged, defective, or significantly different from the agreed specifications or listing description.

Please make sure all measurements and customization details are correct before confirming your custom order.

Note

Colors may appear slightly different due to screen/lighting settings. Message us anytime with questions about fit or customization!

Natural suede may also show slight variations in shade, grain, and texture, which are part of the character of genuine suede.

Care Instructions

Professional suede or leather cleaning is recommended.

Avoid excessive moisture and prolonged direct sunlight. Store the jacket on a suitable hanger in a cool, dry place.

Kingsford Leather

Thank you for choosing Kingsford Leather.

We focus on distinctive leather outerwear, quality craftsmanship, custom-fit options, and timeless style.",199.99,CAD,9,"mens_suede_jacket,brown_suede_jacket,suede_bomber_jacket,a1_bomber_jacket,bomber_jacket_men,brown_bomber_jacket,aviator_jacket,flight_jacket,retro_bomber_jacket,suede_leather_jacket,leather_bomber,genuine_suede_jacket,custom_suede_jacket","Suede,Leather",https://i.etsystatic.com/66400165/r/il/bf504c/8399508461/il_fullxfull.8399508461_gcm3.jpg,https://i.etsystatic.com/66400165/r/il/6fe8b0/8351622748/il_fullxfull.8351622748_sw50.jpg,https://i.etsystatic.com/66400165/r/il/c66cbd/8399508421/il_fullxfull.8399508421_9303.jpg,https://i.etsystatic.com/66400165/r/il/3b75ab/8399508437/il_fullxfull.8399508437_caq7.jpg,https://i.etsystatic.com/66400165/r/il/f365ba/8351622720/il_fullxfull.8351622720_jy7e.jpg,https://i.etsystatic.com/66400165/r/il/047c25/8399508425/il_fullxfull.8399508425_4k4c.jpg,https://i.etsystatic.com/66400165/r/il/e3e66b/8254205779/il_fullxfull.8254205779_nu8u.jpg,,,,"Men's chest size",Size,"XXS,XS,S,M,L,XL,2X,3X,4X",,,,,,,
"Women's Brown Suede Blazer, Genuine Suede Jacket, Oversized Vintage Longline Coat","Women's Brown Suede Blazer

This women's brown suede blazer is crafted with a rich genuine suede finish and a relaxed oversized silhouette. Designed with a classic notched lapel, three-button front closure, functional pockets, and a longline blazer shape, it combines vintage-inspired styling with versatile everyday wear.

The warm brown tone and structured yet relaxed fit make this suede jacket easy to pair with denim, trousers, skirts, boots, or layered autumn outfits.

Key Features
Genuine suede construction
Rich brown suede finish
Classic blazer silhouette
Relaxed oversized fit
Vintage-inspired styling
Notched lapel collar
Three-button front closure
Functional front pockets
Longline appearance
Tailored construction
Suitable for casual and smart-casual wear
Custom sizing available
Custom Made & Bespoke Options

Custom sizing and bespoke modifications are available upon request.

If you would like any changes to the standard jacket — such as measurements, fit, length, colour, leather type, lining, hardware, pockets, or other design details — please message us through Etsy before placing your order.

Customizations may involve an additional cost depending on the requested changes. We will discuss your requirements and confirm the final customization price with you before the custom order is placed.

For made-to-measure sizing, please provide: Chest, Shoulder, Sleeve, Waist, Jacket length.

Please double-check all measurements and customization details before confirming your order.

Ideal For

Ideal for everyday wear, smart-casual outfits, vintage-inspired styling, autumn layering, office looks, weekend outfits, travel, and anyone looking for a distinctive women's brown suede blazer.

Shipping & Customs

Free delivery applies where shown on the listing. For US deliveries, applicable import duties and fees are included in the checkout price where required by Etsy. For non-US deliveries, buyers may be responsible for customs duties, import taxes, tariffs, or other charges imposed by their destination country. Customs-related delays are outside our control.

Returns & Custom Orders

Custom-made, personalized, or made-to-measure items are generally non-returnable unless damaged, defective, or significantly different from the agreed specifications or listing description.

Please verify all measurements and customization details before confirming your custom order.

Note

Colors may appear slightly different due to screen/lighting settings. Message us anytime with questions about fit or customization!

Natural suede may vary slightly in shade, grain, and texture. These natural variations are part of the character of genuine suede.

Care Instructions

Professional suede/leather cleaning is recommended. Avoid excessive moisture, harsh cleaning products, and prolonged direct sunlight. Store the blazer on a suitable hanger in a cool, dry place.

Kingsford Leather

Thank you for choosing Kingsford Leather.

We focus on distinctive leather outerwear, quality craftsmanship, custom-fit options, and timeless statement style.",219.99,CAD,24,"womens_suede_blazer,brown_suede_blazer,suede_leather_jacket,oversized_blazer,three_button_blazer,real_suede_jacket,longline_blazer,tailored_suede_coat,brown_suede_jacket,vintage_suede_blazer,custom_suede_blazer,womens_suede_jacket,suede_blazer_women","Leather,Polyester,Suede",https://i.etsystatic.com/66400165/r/il/e98f2e/8346974782/il_fullxfull.8346974782_c7w1.jpg,https://i.etsystatic.com/66400165/r/il/4156da/8346974786/il_fullxfull.8346974786_ij64.jpg,https://i.etsystatic.com/66400165/r/il/5478e8/8394861731/il_fullxfull.8394861731_6fcr.jpg,https://i.etsystatic.com/66400165/r/il/9541cd/8394861775/il_fullxfull.8394861775_t09r.jpg,https://i.etsystatic.com/66400165/r/il/eec3f9/8394861797/il_fullxfull.8394861797_r1qu.jpg,https://i.etsystatic.com/66400165/r/il/4ec0a3/8286234434/il_fullxfull.8286234434_f22l.jpg,,,,,"Women's clothing size",Size,"XXS,XS,S,M,L,XL,2X,3X,4X,5X,One size,One size (plus)",,,,,,,
"Women's Leather Coat, Brown Suede Jacket with Faux Fur, Shearling Style Winter Coat","Women's Brown Suede Coat

This women's brown suede coat combines genuine suede leather with soft black faux-fur detailing for a warm and distinctive winter look. Designed with a wide faux-fur collar, button-front closure, faux-fur trimmed cuffs, practical pockets, and a flattering mid-length silhouette, it blends classic winter outerwear with vintage-inspired styling.

The rich dark-brown suede finish and contrasting black faux fur make this coat easy to style with boots, trousers, denim, dresses, and layered cold-weather outfits.

Key Features
Genuine suede leather construction
Rich dark-brown suede finish
Soft black faux-fur collar and trim
Faux-fur lined detailing
Classic button-front closure
Functional front pockets
Mid-length coat silhouette
Vintage and shearling-inspired styling
Warm winter construction
Feminine tailored fit
Suitable for everyday and smart-casual wear
Custom sizing available
Custom Made & Bespoke Options

Custom sizing and bespoke modifications are available upon request.

If you would like any changes to the standard jacket — such as measurements, fit, length, colour, leather type, lining, hardware, pockets, or other design details — please message us through Etsy before placing your order.

Customizations may involve an additional cost depending on the requested changes. We will discuss your requirements and confirm the final customization price with you before the custom order is placed.

For made-to-measure sizing, please provide: Chest, Shoulder, Sleeve, Waist, Jacket length.

Please double-check all measurements and customization details before confirming your order.

Ideal For

Ideal for winter wear, vintage-inspired outfits, smart-casual styling, cold-weather travel, evening outfits, autumn and winter layering, and anyone looking for a distinctive women's brown suede coat.

Shipping & Customs

Free delivery applies where shown on the listing. For US deliveries, applicable import duties and fees are included in the checkout price where required by Etsy. For non-US deliveries, buyers may be responsible for customs duties, import taxes, tariffs, or other charges imposed by their destination country. Customs-related delays are outside our control.

Returns & Custom Orders

Custom-made, personalized, or made-to-measure items are generally non-returnable unless damaged, defective, or significantly different from the agreed specifications or listing description.

Please verify all measurements and customization details before confirming your custom order.

Note

Colors may appear slightly different due to screen/lighting settings. Message us anytime with questions about fit or customization!

Natural suede may vary slightly in shade, grain, and texture. These natural variations are part of the character of genuine suede.

Care Instructions

Professional suede/leather cleaning is recommended. Avoid excessive moisture, harsh cleaning products, and prolonged direct sunlight. Store the coat on a suitable hanger in a cool, dry place.

Kingsford Leather

Thank you for choosing Kingsford Leather.

We focus on distinctive leather outerwear, quality craftsmanship, custom-fit options, and timeless statement style.",279.99,CAD,18,"womens_suede_coat,brown_suede_coat,suede_leather_coat,faux_fur_lined_coat,custom_made_coat,shearling_style,button_front_coat,womens_leather_coat,suede_winter_coat,brown_suede_jacket,faux_fur_suede_coat,vintage_suede_coat,custom_suede_coat","Leather,Faux fur,Suede",https://i.etsystatic.com/66400165/r/il/e062a4/8422463263/il_fullxfull.8422463263_g4sc.jpg,https://i.etsystatic.com/66400165/r/il/ab8e9d/8374588776/il_fullxfull.8374588776_859r.jpg,https://i.etsystatic.com/66400165/r/il/893044/8422463267/il_fullxfull.8422463267_b6v4.jpg,https://i.etsystatic.com/66400165/r/il/6dc977/8422463259/il_fullxfull.8422463259_jrjp.jpg,https://i.etsystatic.com/66400165/r/il/fb9fac/8422463255/il_fullxfull.8422463255_dfjw.jpg,https://i.etsystatic.com/66400165/r/il/801146/8374588774/il_fullxfull.8374588774_941e.jpg,https://i.etsystatic.com/66400165/r/il/01eef9/8374588808/il_fullxfull.8374588808_kjcj.jpg,https://i.etsystatic.com/66400165/r/il/538a6f/8334086543/il_fullxfull.8334086543_dapq.jpg,,,"Women's clothing size",Size,"XXS,XS,S,M,L,XL,2X,3X,4X",,,,,,,
"Men's Brown Leather Jacket, Hooded Leather Bomber Jacket with Removable Hood, Vintage Biker Coat","Men's Brown Hooded Leather Bomber Jacket

This men's brown leather jacket combines classic bomber styling with a removable hood and rugged vintage-inspired finish. Crafted from genuine leather, it features a front zip closure, multi-pocket utility detailing, ribbed cuffs and hem, and a detachable hood for versatile everyday styling.

The rich brown leather finish pairs easily with denim, boots, sweaters, and casual outfits, while the hooded bomber silhouette gives the jacket a practical biker-inspired character suitable for cooler weather.

Key Features
Genuine leather construction
Rich brown leather finish
Classic bomber jacket silhouette
Removable / detachable hood
Front zipper closure
Multiple practical pockets
Ribbed cuffs and hem
Vintage-inspired finish
Biker and moto styling
Comfortable men's fit
Suitable for everyday and cooler-weather wear
Custom sizing available
Custom Made & Bespoke Options

Custom sizing and bespoke modifications are available upon request.

If you would like any changes to the standard jacket — such as measurements, fit, length, colour, leather type, lining, hardware, pockets, or other design details — please message us through Etsy before placing your order.

Customizations may involve an additional cost depending on the requested changes. We will discuss your requirements and confirm the final customization price with you before the custom order is placed.

For made-to-measure sizing, please provide your Chest, Shoulder, Sleeve, Waist, and Jacket Length measurements.

Please double-check all measurements and customization details before confirming your order.

Ideal For

Ideal for everyday casual wear, vintage-inspired outfits, biker and moto styling, autumn and winter layering, travel, outdoor wear, and anyone looking for a versatile men's hooded leather bomber jacket.

Shipping & Customs

Free delivery applies where shown on the listing.

For US deliveries, applicable import duties and fees are included in the checkout price where required by Etsy.

For non-US deliveries, buyers may be responsible for customs duties, import taxes, tariffs, or other charges imposed by their destination country. Customs-related delays are outside our control.

Returns & Custom Orders

Custom-made, personalized, or made-to-measure items are generally non-returnable unless the item arrives damaged, defective, or significantly different from the agreed specifications or listing description.

Please make sure all measurements and customization details are correct before confirming your custom order.

Note

Colors may appear slightly different due to screen and lighting settings. Message us anytime with questions about fit or customization.

Natural leather may show slight variations in shade, grain, texture, and distressed finish. These natural characteristics give each leather jacket its individual appearance.

Care Instructions

Professional leather cleaning is recommended.

Avoid excessive moisture and prolonged direct sunlight. Store the jacket on a suitable hanger in a cool, dry place.

Kingsford Leather

Thank you for choosing Kingsford Leather.

We focus on distinctive leather outerwear, quality craftsmanship, custom-fit options, and timeless statement style.",199.99,CAD,18,"mens_leather_bomber,removable_hood,multi_pocket_jacket,genuine_leather,custom_made_jacket,brown_moto_jacket,brown_leather_jacket,leather_bomber,mens_hooded_jacket,hooded_leather,brown_biker_jacket,distressed_leather,vintage_leather","Sheep leather",https://i.etsystatic.com/66400165/r/il/27c361/8333465402/il_fullxfull.8333465402_rz8x.jpg,https://i.etsystatic.com/66400165/r/il/0cee68/8381352265/il_fullxfull.8381352265_a22k.jpg,https://i.etsystatic.com/66400165/r/il/35d20d/8333465432/il_fullxfull.8333465432_tno2.jpg,https://i.etsystatic.com/66400165/r/il/28758e/8381352267/il_fullxfull.8381352267_l6pk.jpg,https://i.etsystatic.com/66400165/r/il/14d366/8381352269/il_fullxfull.8381352269_1n4q.jpg,https://i.etsystatic.com/66400165/r/il/c4161e/8300517997/il_fullxfull.8300517997_mfzq.jpg,,,,,"Men's chest size",Size,"XXS,XS,S,M,L,XL,2X,3X,4X",,,,,,,
"Women's Cropped Leather Jacket, Black Biker Moto Jacket, Lace-Up Corset Style","Women's Black Cropped Leather Biker Jacket

This women's cropped leather jacket is crafted from genuine black leather with a fitted motorcycle-inspired silhouette and distinctive lace-up corset detailing. Featuring an asymmetrical front zipper, wide notched lapels, silver-tone hardware, waist buckles, and eyelet lacing, it combines classic biker styling with bold gothic character.

The short fitted silhouette makes this black leather biker jacket easy to style with jeans, trousers, skirts, boots, and alternative or punk-inspired outfits.

Key Features
Genuine black leather construction
Cropped fitted silhouette
Classic motorcycle/biker styling
Asymmetrical front zipper
Wide notched lapel collar
Lace-up corset-inspired detailing
Silver-tone hardware
Adjustable waist buckle details
Functional pockets
Gothic and alternative styling
Double-rider inspired design
Custom sizing available
Custom Made & Bespoke Options

Custom sizing and bespoke modifications are available upon request.

If you would like any changes to the standard jacket — such as measurements, fit, length, colour, leather type, lining, hardware, pockets, or other design details — please message us through Etsy before placing your order.

Customizations may involve an additional cost depending on the requested changes. We will discuss your requirements and confirm the final customization price with you before the custom order is placed.

For made-to-measure sizing, please provide: Chest, Shoulder, Sleeve, Waist, Jacket length.

Please double-check all measurements and customization details before confirming your order.

Ideal For

Ideal for biker and motorcycle styling, gothic and alternative fashion, punk-inspired outfits, concerts, casual statement wear, night-out looks, and anyone looking for a distinctive women's cropped leather jacket.

Shipping & Customs

Free delivery applies where shown on the listing. For US deliveries, applicable import duties and fees are included in the checkout price where required by Etsy. For non-US deliveries, buyers may be responsible for customs duties, import taxes, tariffs, or other charges imposed by their destination country. Customs-related delays are outside our control.

Returns & Custom Orders

Custom-made, personalized, or made-to-measure items are generally non-returnable unless damaged, defective, or significantly different from the agreed specifications or listing description.

Please verify all measurements and customization details before confirming your custom order.

Note

Colors may appear slightly different due to screen/lighting settings. Message us anytime with questions about fit or customization!

Natural leather may vary slightly in shade, grain, and texture. These natural variations are part of the character of genuine leather.

Care Instructions

Professional leather cleaning is recommended. Avoid excessive moisture, harsh cleaning products, and prolonged direct sunlight. Store the jacket on a suitable hanger in a cool, dry place.

Kingsford Leather

Thank you for choosing Kingsford Leather.

We focus on distinctive leather outerwear, quality craftsmanship, custom-fit options, and timeless statement style.",199.99,CAD,18,"womens_biker_jacket,black_leather_jacket,lace_up_moto_jacket,moto_corset_jacket,gothic_biker_jacket,motorcycle_jacket,double_rider_jacket,buckle_waist_jacket,custom_biker_jacket,genuine_leather,cropped_leather,cropped_biker_jacket,asymmetrical_jacket",Leather,https://i.etsystatic.com/66400165/r/il/2e8ee1/8347855750/il_fullxfull.8347855750_ddib.jpg,https://i.etsystatic.com/66400165/r/il/82ca48/8395744333/il_fullxfull.8395744333_dfds.jpg,https://i.etsystatic.com/66400165/r/il/cbe8f2/8347855746/il_fullxfull.8347855746_je62.jpg,https://i.etsystatic.com/66400165/r/il/5269a3/8395744327/il_fullxfull.8395744327_bi62.jpg,https://i.etsystatic.com/66400165/r/il/67e9f6/8347855740/il_fullxfull.8347855740_b7cc.jpg,https://i.etsystatic.com/66400165/r/il/c5ab96/8347855754/il_fullxfull.8347855754_fv4v.jpg,https://i.etsystatic.com/66400165/r/il/6fff04/8300384293/il_fullxfull.8300384293_2si9.jpg,,,,"Women's clothing size",Size,"XXS,XS,S,M,L,XL,2X,3X,4X",,,,,,,
"Women's Cognac Leather Bomber Jacket, Brown Military Aviator Jacket, Vintage Style","Women's Cognac Leather Bomber Jacket

This women's cognac leather bomber jacket is crafted from genuine brown leather with a structured military and aviator-inspired silhouette. Designed with a high stand collar, front zipper closure, shoulder epaulettes, chest flap pockets, and rib-knit cuffs and hem, it combines classic bomber styling with a polished vintage look.

The warm cognac-brown finish makes this jacket easy to pair with denim, trousers, boots, and casual layered outfits.

Key Features
Genuine leather construction
Rich cognac brown finish
Classic bomber silhouette
Military-inspired detailing
Aviator-style character
High stand collar
Front zipper closure
Shoulder epaulettes
Functional chest pockets
Rib-knit cuffs and hem
Vintage-inspired styling
Custom sizing available
Custom Made & Bespoke Options

Custom sizing and bespoke modifications are available upon request.

If you would like any changes to the standard jacket — such as measurements, fit, length, colour, leather type, lining, hardware, pockets, or other design details — please message us through Etsy before placing your order.

Customizations may involve an additional cost depending on the requested changes. We will discuss your requirements and confirm the final customization price with you before the custom order is placed.

For made-to-measure sizing, please provide: Chest, Shoulder, Sleeve, Waist, Jacket length.

Please double-check all measurements and customization details before confirming your order.

Ideal For

Ideal for casual everyday wear, military and aviator-inspired styling, vintage outfits, autumn layering, travel, weekend wear, and anyone looking for a distinctive women's brown leather bomber jacket.

Shipping & Customs

Free delivery applies where shown on the listing. For US deliveries, applicable import duties and fees are included in the checkout price where required by Etsy. For non-US deliveries, buyers may be responsible for customs duties, import taxes, tariffs, or other charges imposed by their destination country. Customs-related delays are outside our control.

Returns & Custom Orders

Custom-made, personalized, or made-to-measure items are generally non-returnable unless damaged, defective, or significantly different from the agreed specifications or listing description.

Please verify all measurements and customization details before confirming your custom order.

Note

Colors may appear slightly different due to screen/lighting settings. Message us anytime with questions about fit or customization!

Natural leather may vary slightly in shade, grain, and texture. These natural variations are part of the character of genuine leather.

Care Instructions

Professional leather cleaning is recommended. Avoid excessive moisture, harsh cleaning products, and prolonged direct sunlight. Store the jacket on a suitable hanger in a cool, dry place.

Kingsford Leather

Thank you for choosing Kingsford Leather.

We focus on distinctive leather outerwear, quality craftsmanship, custom-fit options, and timeless statement style.",199.99,CAD,18,"womens_bomber_jacket,brown_leather_jacket,military_bomber,aviator_jacket,epaulette_jacket,ribbed_cuff_jacket,genuine_leather,cognac_leather,womens_aviator,custom_leather,leather_bomber_women,vintage_leather,womens_military",Leather,https://i.etsystatic.com/66400165/r/il/bcf86f/8372540628/il_fullxfull.8372540628_94dd.jpg,https://i.etsystatic.com/66400165/r/il/6fbafb/8420414549/il_fullxfull.8420414549_2nc9.jpg,https://i.etsystatic.com/66400165/r/il/00d223/8372535160/il_fullxfull.8372535160_2zg4.jpg,https://i.etsystatic.com/66400165/r/il/d1459a/8420414547/il_fullxfull.8420414547_e8ie.jpg,https://i.etsystatic.com/66400165/r/il/2f3186/8420414551/il_fullxfull.8420414551_ayvx.jpg,https://i.etsystatic.com/66400165/r/il/ca8838/8372535166/il_fullxfull.8372535166_dr3i.jpg,https://i.etsystatic.com/66400165/r/il/c24042/8300278361/il_fullxfull.8300278361_gz79.jpg,,,,"Women's clothing size",Size,"XXS,XS,S,M,L,XL,2X,3X,4X",,,,,,,
"Women's Leather Puffer Jacket, Black Hooded Winter Coat, Faux Fur Trim Parka","Women's Black Leather Puffer Jacket

This women's leather puffer jacket is crafted from genuine black leather with a quilted winter silhouette and a generously trimmed faux-fur hood. Designed with structured padded panels, front zip-and-snap closure, practical pockets, and a flattering fitted shape, it combines cold-weather comfort with polished leather outerwear styling.

The classic black finish and hooded parka-inspired design make this jacket easy to style with denim, trousers, boots, and layered winter outfits.

Key Features
Genuine leather construction
Classic black finish
Quilted puffer-style design
Warm padded construction
Faux-fur trimmed hood
Hooded parka silhouette
Front zipper and snap closure
Functional front pockets
Fitted feminine shape
Winter-ready styling
Mid-length coverage
Custom sizing available
Custom Made & Bespoke Options

Custom sizing and bespoke modifications are available upon request.

If you would like any changes to the standard jacket — such as measurements, fit, length, colour, leather type, lining, hardware, pockets, or other design details — please message us through Etsy before placing your order.

Customizations may involve an additional cost depending on the requested changes. We will discuss your requirements and confirm the final customization price with you before the custom order is placed.

For made-to-measure sizing, please provide: Chest, Shoulder, Sleeve, Waist, Jacket length.

Please double-check all measurements and customization details before confirming your order.

Ideal For

Ideal for winter wear, everyday cold-weather outfits, travel, casual layering, city wear, weekend styling, and anyone looking for a warm women's black leather puffer jacket.

Shipping & Customs

Free delivery applies where shown on the listing. For US deliveries, applicable import duties and fees are included in the checkout price where required by Etsy. For non-US deliveries, buyers may be responsible for customs duties, import taxes, tariffs, or other charges imposed by their destination country. Customs-related delays are outside our control.

Returns & Custom Orders

Custom-made, personalized, or made-to-measure items are generally non-returnable unless damaged, defective, or significantly different from the agreed specifications or listing description.

Please verify all measurements and customization details before confirming your custom order.

Note

Colors may appear slightly different due to screen/lighting settings. Message us anytime with questions about fit or customization!

Natural leather may vary slightly in shade, grain, and texture.

Care Instructions

Professional leather cleaning is recommended. Avoid excessive moisture, harsh cleaning products, and prolonged direct sunlight. Store the jacket on a suitable hanger in a cool, dry place.

Kingsford Leather

Thank you for choosing Kingsford Leather.

We focus on distinctive leather outerwear, quality craftsmanship, custom-fit options, and timeless statement style.",299.99,CAD,18,"womens_leather_coat,leather_puffer_coat,black_leather_coat,fur_hood_coat,quilted_leather,hooded_leather_coat,leather_parka_women,winter_leather_coat,womens_puffer_jacket,faux_fur_hood,leather_puffer,black_puffer_coat,hooded_puffer_coat","Sheep leather",https://i.etsystatic.com/66400165/r/il/63c355/8396309729/il_fullxfull.8396309729_8g43.jpg,https://i.etsystatic.com/66400165/r/il/70ffb4/8348422972/il_fullxfull.8348422972_7urk.jpg,https://i.etsystatic.com/66400165/r/il/0398a0/8348422970/il_fullxfull.8348422970_h8q4.jpg,https://i.etsystatic.com/66400165/r/il/25be78/8396309725/il_fullxfull.8396309725_7xud.jpg,https://i.etsystatic.com/66400165/r/il/9316a5/8396309727/il_fullxfull.8396309727_ey2b.jpg,https://i.etsystatic.com/66400165/r/il/386360/8348422978/il_fullxfull.8348422978_728l.jpg,https://i.etsystatic.com/66400165/r/il/3214b4/8252303332/il_fullxfull.8252303332_94cf.jpg,,,,"Women's clothing size",Size,"XXS,XS,S,M,L,XL,2X,3X,4X",,,,,,,
"Cyberpunk Jacket, Red Genuine Leather Anime Biker Coat, Techwear Motorcycle Cosplay","Red Genuine Leather Cyberpunk Jacket

This cyberpunk jacket is crafted in genuine leather with a bold red finish and anime-inspired motorcycle styling. Featuring darker quilted shoulder panels, a high stand collar, buckle and snap detailing, front flap pockets, and distinctive clasp accents, it creates a futuristic statement look for cosplay, streetwear, conventions, and themed events.

The structured biker-inspired silhouette combines cyberpunk, anime, techwear, and sci-fi styling while retaining the distinctive red capsule-inspired appearance of the original design.

Key Features
Genuine leather construction
Bold red cyberpunk and anime-inspired design
Motorcycle-style biker silhouette
Darker quilted shoulder panels
High stand collar with adjustable buckle strap
Decorative front clasp closures
Buckle and snap detailing
Front flap pockets
Long sleeves
Elasticated waist
Capsule-themed graphic detailing on the back
Statement futuristic styling
Custom Made & Bespoke Options

Custom sizing and bespoke modifications are available upon request.

If you would like any changes to the standard jacket — such as measurements, fit, length, colour, leather type, lining, hardware, pockets, or other design details — please message us through Etsy before placing your order.

Customizations may involve an additional cost depending on the requested changes. We will discuss your requirements and confirm the final customization price with you before the custom order is placed.

For made-to-measure sizing, please provide:

Chest
Shoulder
Sleeve
Waist
Jacket length

Please double-check all measurements and customization details before confirming your order.

Ideal For

This red cyberpunk leather jacket is ideal for anime-inspired styling, cyberpunk and techwear fashion, cosplay, conventions, sci-fi outfits, themed events, futuristic streetwear, costume styling, and collectors of distinctive statement jackets.

Shipping & Customs

Free delivery applies where shown on the listing.

For US deliveries, applicable import duties and fees are included in the checkout price where required by Etsy.

For non-US deliveries, buyers may be responsible for customs duties, import taxes, tariffs, or other charges imposed by their destination country. Customs-related delays are outside our control.

Returns & Custom Orders

Custom-made, personalized, or made-to-measure items are generally non-returnable unless the item arrives damaged, defective, or significantly different from the agreed specifications or listing description.

Please make sure all measurements and customization details are correct before confirming your custom order.

Note

Colors may appear slightly different due to screen and lighting settings. Message us anytime with questions about fit or customization!

Natural leather may show slight variations in shade, grain, and texture. These natural variations are part of the individual character of genuine leather materials.

Care Instructions

Professional leather cleaning is recommended.

Avoid excessive moisture and prolonged direct sunlight. Store the jacket on a suitable hanger in a cool, dry place.

Kingsford Leather

Thank you for choosing Kingsford Leather.

We focus on distinctive leather outerwear, quality craftsmanship, custom-fit options, and timeless statement style.",199.99,CAD,9,"cyberpunk_jacket,anime_jacket,techwear_jacket,dystopian_jacket,red_leather_jacket,sci_fi_jacket,cyberpunk_cosplay,anime_cosplay,cyberpunk_fashion,cosplay_jacket,red_biker_jacket,motorcycle_jacket,red_capsule_jacket",Leather,https://i.etsystatic.com/66400165/r/il/89517e/8374579270/il_fullxfull.8374579270_q2n8.jpg,https://i.etsystatic.com/66400165/r/il/77990a/8422454021/il_fullxfull.8422454021_kv7e.jpg,https://i.etsystatic.com/66400165/r/il/179609/8374579264/il_fullxfull.8374579264_5nqf.jpg,https://i.etsystatic.com/66400165/r/il/984970/8422454055/il_fullxfull.8422454055_9kmx.jpg,https://i.etsystatic.com/66400165/r/il/a939dd/8422454023/il_fullxfull.8422454023_g7xk.jpg,https://i.etsystatic.com/66400165/r/il/e3eeed/8374579274/il_fullxfull.8374579274_34x6.jpg,https://i.etsystatic.com/66400165/r/il/b7c948/8246263891/il_fullxfull.8246263891_bcwf.jpg,,,,"Men's chest size",Size,"XXS,XS,S,M,L,XL,2X,3X,4X",,,,,,,
"Men's Leather Jacket, Black Biker Jacket, Post Apocalyptic Shoulder Pad Cosplay Coat","Men's Black Post-Apocalyptic Leather Biker Jacket

This men's leather jacket is designed with a bold post-apocalyptic biker aesthetic, featuring black leather construction, an asymmetrical front closure, and a distinctive oversized shoulder-pad detail. Its rugged moto-inspired silhouette makes it ideal for cosplay, wasteland styling, themed events, and statement streetwear.

Designed for fans of dystopian and cinematic-inspired fashion, the jacket combines practical leather craftsmanship with a dramatic costume-ready appearance.

Key Features
Genuine black leather construction
Asymmetrical biker-style front
Distinctive oversized shoulder-pad design
Rugged post-apocalyptic styling
Moto-inspired silhouette
Multiple metal hardware details
Long sleeves
Structured men's fit
Suitable for cosplay and statement fashion
Custom sizing available
Custom Made & Bespoke Options

Custom sizing and bespoke modifications are available upon request.

If you would like any changes to the standard jacket — such as measurements, fit, length, colour, leather type, lining, hardware, pockets, or other design details — please message us through Etsy before placing your order.

Customizations may involve an additional cost depending on the requested changes. We will discuss your requirements and confirm the final customization price with you before the custom order is placed.

For made-to-measure sizing, please provide:

Chest
Shoulder
Sleeve
Waist
Jacket length

Please double-check all measurements and customization details before confirming your order.

Ideal For

Ideal for post-apocalyptic cosplay, wasteland costumes, dystopian outfits, biker-inspired fashion, movie-style costumes, conventions, themed events, festivals, and collectors of distinctive leather jackets.

Shipping & Customs

Free delivery applies where shown on the listing.

For US deliveries, applicable import duties and fees are included in the checkout price where required by Etsy.

For non-US deliveries, buyers may be responsible for customs duties, import taxes, tariffs, or other charges imposed by their destination country. Customs-related delays are outside our control.

Returns & Custom Orders

Custom-made, personalized, or made-to-measure items are generally non-returnable unless the item arrives damaged, defective, or significantly different from the agreed specifications or listing description.

Please make sure all measurements and customization details are correct before confirming your custom order.

Note

Colors may appear slightly different due to screen and lighting settings. Message us anytime with questions about fit or customization.

Natural leather may show slight variations in shade, grain, and texture. These natural characteristics make every genuine leather jacket slightly unique.

Care Instructions

Professional leather cleaning is recommended.

Avoid excessive moisture and prolonged direct sunlight. Store the jacket on a suitable hanger in a cool, dry place.

Kingsford Leather

Thank you for choosing Kingsford Leather.

We focus on distinctive leather outerwear, quality craftsmanship, custom-fit options, and timeless statement style.",279.99,CAD,18,"mens_leather_jacket,black_biker_jacket,asymmetrical_jacket,shoulder_pad_jacket,leather_cosplay_coat,wasteland_costume,post_apocalyptic,mens_moto_jacket,cosplay_jacket,punk_leather_jacket,custom_biker_jacket,movie_costume_coat,dystopian_jacket",Cowhide,https://i.etsystatic.com/66400165/r/il/352532/8395293937/il_fullxfull.8395293937_bztv.jpg,https://i.etsystatic.com/66400165/r/il/5a9297/8395293915/il_fullxfull.8395293915_fklq.jpg,https://i.etsystatic.com/66400165/r/il/5c5223/8395293923/il_fullxfull.8395293923_rfd0.jpg,https://i.etsystatic.com/66400165/r/il/e24221/8395293891/il_fullxfull.8395293891_ibkq.jpg,https://i.etsystatic.com/66400165/r/il/868e96/8347407704/il_fullxfull.8347407704_bjup.jpg,https://i.etsystatic.com/66400165/r/il/de5fa7/8395293941/il_fullxfull.8395293941_axgp.jpg,https://i.etsystatic.com/66400165/r/il/2fc865/8395293945/il_fullxfull.8395293945_fka8.jpg,https://i.etsystatic.com/66400165/r/il/1d2d00/8168161756/il_fullxfull.8168161756_adqa.jpg,,,"Men's chest size",Size,"XXS,XS,S,M,L,XL,2X,3X,4X",,,,,,,
"Men's Suede Leather Jacket, Brown Suede Field Jacket, Safari Military Stand Collar Coat","Men's Brown Suede Field Jacket

This men's suede leather jacket combines a rich brown suede finish with a structured field-jacket silhouette and distinctive military-inspired detailing. Designed with contrast shoulder panels, a high stand collar, decorative metal buckle closures, and practical pockets, it delivers a rugged safari-inspired look with a unique statement character.

The structured design works well for everyday styling while its military, field, and subtle sci-fi influences make it equally suitable for themed outfits, conventions, and distinctive casual wear.

Key Features
Premium suede construction
Rich brown finish
Field and safari-inspired silhouette
Dark contrast shoulder panels
High stand collar
Decorative front buckle closures
Practical front pockets
Structured military-inspired design
Clean back panel
Comfortable men's fit
Suitable for casual and statement styling
Custom sizing available
Custom Made & Bespoke Options

Custom sizing and bespoke modifications are available upon request.

If you would like any changes to the standard jacket — such as measurements, fit, length, colour, leather type, lining, hardware, pockets, or other design details — please message us through Etsy before placing your order.

Customizations may involve an additional cost depending on the requested changes. We will discuss your requirements and confirm the final customization price with you before the custom order is placed.

For made-to-measure sizing, please provide your Chest, Shoulder, Sleeve, Waist, and Jacket Length measurements.

Please double-check all measurements and customization details before confirming your order.

Ideal For

Ideal for field and safari-inspired outfits, military styling, smart casual wear, autumn and winter layering, conventions, cosplay, sci-fi-inspired looks, travel, and statement outerwear.

Shipping & Customs

Free delivery applies where shown on the listing.

For US deliveries, applicable import duties and fees are included in the checkout price where required by Etsy.

For non-US deliveries, buyers may be responsible for customs duties, import taxes, tariffs, or other charges imposed by their destination country. Customs-related delays are outside our control.

Returns & Custom Orders

Custom-made, personalized, or made-to-measure items are generally non-returnable unless the item arrives damaged, defective, or significantly different from the agreed specifications or listing description.

Please make sure all measurements and customization details are correct before confirming your custom order.

Note

Colors may appear slightly different due to screen and lighting settings. Natural suede may also show slight variations in shade, grain, and texture.

Care Instructions

Professional suede/leather cleaning is recommended. Avoid excessive moisture, harsh cleaning products, and prolonged direct sunlight. Store on a suitable hanger in a cool, dry place.

Kingsford Leather

Thank you for choosing Kingsford Leather.

We focus on distinctive leather outerwear, quality craftsmanship, custom-fit options, and timeless statement style.",229.99,CAD,18,"brown_suede_jacket,sci_fi_warrior_coat,buckle_closure_coat,brown_military_coat,custom_suede_jacket,suede_field_jacket,suede_safari_jacket,mens_safari_jacket,suede_jacket_men,stand_collar_jacket,mens_field_jacket,brown_field_jacket,suede_leather_jacket",Suede,https://i.etsystatic.com/66400165/r/il/44158b/8333619632/il_fullxfull.8333619632_hezv.jpg,https://i.etsystatic.com/66400165/r/il/965760/8333619682/il_fullxfull.8333619682_hvfs.jpg,https://i.etsystatic.com/66400165/r/il/03c4fe/8333619636/il_fullxfull.8333619636_34ff.jpg,https://i.etsystatic.com/66400165/r/il/7ab87a/8381505531/il_fullxfull.8381505531_43o0.jpg,https://i.etsystatic.com/66400165/r/il/b48d4b/8333685666/il_fullxfull.8333685666_tp4y.jpg,https://i.etsystatic.com/66400165/r/il/1ebcc6/8333619642/il_fullxfull.8333619642_d1b3.jpg,https://i.etsystatic.com/66400165/r/il/6399f3/8333619638/il_fullxfull.8333619638_ip1x.jpg,https://i.etsystatic.com/66400165/r/il/553f6a/8156949450/il_fullxfull.8156949450_i4ys.jpg,,,"Men's chest size",Size,"XXS,XS,S,M,L,XL,2X,3X,4X",,,,,,,
"Men's Suede Leather Jacket, Tan Suede Trucker Jacket, Vintage Western Button Front Coat","Men's Tan Suede Trucker Jacket

This men's suede leather jacket features a timeless trucker-inspired silhouette with a warm tan-brown suede finish. Designed with a structured shirt collar, button-front closure, chest flap pockets, practical hand pockets, snap cuffs, and adjustable waist tabs, it combines classic western character with easy everyday styling.

Its clean vintage-inspired design works naturally with denim, boots, flannel shirts, and casual trousers, making it a versatile suede jacket for casual wear, western styling, travel, events, and everyday outfits.

Key Features
Suede leather construction
Warm tan-brown finish
Classic trucker jacket silhouette
Vintage western-inspired styling
Structured shirt collar
Button-front closure
Chest flap pockets
Practical hand pockets
Snap-button cuffs
Adjustable waist tabs
Comfortable men's fit
Suitable for casual and western styling
Custom Made & Bespoke Options

Custom sizing and bespoke modifications are available upon request.

If you would like any changes to the standard jacket — such as measurements, fit, length, colour, leather type, lining, hardware, pockets, or other design details — please message us through Etsy before placing your order.

Customizations may involve an additional cost depending on the requested changes. We will discuss your requirements and confirm the final customization price with you before the custom order is placed.

For made-to-measure sizing, please provide your Chest, Shoulder, Sleeve, Waist, and Jacket Length measurements.

Please double-check all measurements and customization details before confirming your order.

Ideal For

Ideal for vintage western outfits, casual everyday wear, cowboy-inspired styling, trucker fashion, workwear-inspired looks, fall and winter layering, travel, concerts, photoshoots, and anyone looking for a timeless men's suede jacket.

Shipping & Customs

Free delivery applies where shown on the listing.

For US deliveries, applicable import duties and fees are included in the checkout price where required by Etsy.

For non-US deliveries, buyers may be responsible for customs duties, import taxes, tariffs, or other charges imposed by their destination country. Customs-related delays are outside our control.

Returns & Custom Orders

Custom-made, personalized, or made-to-measure items are generally non-returnable unless the item arrives damaged, defective, or significantly different from the agreed specifications or listing description.

Please make sure all measurements and customization details are correct before confirming your custom order.

Note

Colors may appear slightly different due to screen and lighting settings. Message us anytime with questions about fit or customization.

Natural suede may show slight variations in shade, grain, and texture. These natural characteristics give each suede jacket its individual appearance.

Care Instructions

Professional suede/leather cleaning is recommended.

Avoid excessive moisture, harsh cleaning products, and prolonged direct sunlight. Store the jacket on a suitable hanger in a cool, dry place.

Kingsford Leather

Thank you for choosing Kingsford Leather.

We focus on distinctive leather outerwear, quality craftsmanship, custom-fit options, and timeless statement style.",229.99,CAD,18,"suede_leather_jacket,suede_jacket_men,1970s_suede_trucker,suede_trucker_jacket,mens_western_jacket,tan_suede_jacket,brown_suede_jacket,suede_shirt_jacket,suede_overshirt,cowboy_suede_jacket,trucker_jacket,workwear_jacket,custom_suede_jacket",Suede,https://i.etsystatic.com/66400165/r/il/62876d/8381648839/il_fullxfull.8381648839_gua1.jpg,https://i.etsystatic.com/66400165/r/il/487d07/8333763766/il_fullxfull.8333763766_dgiu.jpg,https://i.etsystatic.com/66400165/r/il/66021e/8381648831/il_fullxfull.8381648831_4kzj.jpg,https://i.etsystatic.com/66400165/r/il/a63476/8381648837/il_fullxfull.8381648837_2idd.jpg,https://i.etsystatic.com/66400165/r/il/582283/8381648835/il_fullxfull.8381648835_6v8h.jpg,https://i.etsystatic.com/66400165/r/il/304246/8333763762/il_fullxfull.8333763762_n7wl.jpg,,,,,"Men's chest size",Size,"XXS,XS,S,M,L,XL,2X,3X,4X",,,,,,,
"Men's Leather Vest, Black Leather Motorcycle Vest, Lace-Up Biker Waistcoat","Men's Black Leather Motorcycle Vest

This men's leather vest is crafted from genuine black leather with a clean motorcycle-inspired silhouette and adjustable lace-up side detailing. Designed with a band collar, snap-front closure, practical pockets, and a sleeveless cut, it combines classic biker styling with a versatile fitted look.

The adjustable side lacing helps fine-tune the fit, while the streamlined black finish makes this motorcycle vest suitable for riding-inspired outfits, casual streetwear, layering, concerts, and everyday biker style.

Key Features
Genuine black leather construction
Classic motorcycle and biker vest styling
Sleeveless waistcoat design
Adjustable lace-up sides
Clean band collar
Snap-front closure
Practical front pockets
Streamlined black finish
Comfortable layering design
Riding-inspired silhouette
Custom sizing available
Custom Made & Bespoke Options

Custom sizing and bespoke modifications are available upon request.

If you would like any changes to the standard vest — such as measurements, fit, length, colour, leather type, lining, hardware, pockets, or other design details — please message us through Etsy before placing your order.

Customizations may involve an additional cost depending on the requested changes. We will discuss your requirements and confirm the final customization price with you before the custom order is placed.

For made-to-measure sizing, please provide your Chest, Shoulder, Waist, and Vest Length measurements.

Please double-check all measurements and customization details before confirming your order.

Ideal For

Ideal for motorcycle-inspired styling, biker outfits, casual layering, concerts, road-trip looks, club-style fashion, streetwear, and anyone looking for a versatile men's black leather vest.

Shipping & Customs

Free delivery applies where shown on the listing.

For US deliveries, applicable import duties and fees are included in the checkout price where required by Etsy.

For non-US deliveries, buyers may be responsible for customs duties, import taxes, tariffs, or other charges imposed by their destination country. Customs-related delays are outside our control.

Returns & Custom Orders

Custom-made, personalized, or made-to-measure items are generally non-returnable unless damaged, defective, or significantly different from the agreed specifications or listing description.

Please verify all measurements and customization details before confirming your custom order.

Note

Colors may appear slightly different due to screen and lighting settings. Natural leather may show slight variations in shade, grain, and texture.

Care Instructions

Professional leather cleaning is recommended. Avoid excessive moisture, harsh cleaning products, and prolonged direct sunlight. Store in a cool, dry place.

Kingsford Leather

Thank you for choosing Kingsford Leather.

We focus on distinctive leather outerwear, quality craftsmanship, custom-fit options, and timeless statement style.",219.99,CAD,18,"mens_leather_vest,motorcycle_vest,genuine_leather_vest,side_lace_vest,sleeveless_leather,biker_waistcoat,custom_leather_vest,band_collar_vest,leather_biker_vest,lace_up_leather_vest,leather_riding_vest,black_leather_vest,leather_waistcoat",Leather,https://i.etsystatic.com/66400165/r/il/302bc8/8381713235/il_fullxfull.8381713235_h7fh.jpg,https://i.etsystatic.com/66400165/r/il/b09a2a/8333828986/il_fullxfull.8333828986_tcg7.jpg,https://i.etsystatic.com/66400165/r/il/73b67d/8333828980/il_fullxfull.8333828980_1bmy.jpg,https://i.etsystatic.com/66400165/r/il/6c7622/8333828982/il_fullxfull.8333828982_1hvv.jpg,https://i.etsystatic.com/66400165/r/il/347fa9/8333828984/il_fullxfull.8333828984_hqoc.jpg,https://i.etsystatic.com/66400165/r/il/89fb5e/8381713247/il_fullxfull.8381713247_kd7q.jpg,https://i.etsystatic.com/66400165/r/il/7828a3/8204670383/il_fullxfull.8204670383_iht2.jpg,,,,"Men's chest size",Size,"XXS,XS,S,M,L,XL,2X,3X,4X",,,,,,,
"Men's Leather Jacket, Real Leather Biker Jacket, Black Red Quilted Moto Motorcycle Jacket","Men's Black & Red Real Leather Biker Jacket

This men's leather jacket is crafted in real leather with a bold black and red design inspired by classic biker and motorcycle styling. Featuring quilted detailing, contrasting red panels and stripes, an asymmetrical front zip, and multiple zippered details, it delivers a distinctive moto look for everyday wear and statement styling.

The structured biker silhouette combines bold visual detailing with practical construction, making it suitable for motorcycle-inspired fashion, casual wear, events, and custom styling.

Key Features
Real leather construction
Classic biker and moto jacket design
Black finish with contrasting red panels and stripes
Asymmetrical front zip closure
Quilted detailing
Multiple zippered pockets and accents
Adjustable waist detailing
Long sleeves with statement red stripe accents
Structured men's fit
Bold motorcycle-inspired styling
Custom Made & Bespoke Options

Custom sizing and bespoke modifications are available upon request.

If you would like any changes to the standard jacket — such as measurements, fit, length, colour, leather type, lining, hardware, pockets, or other design details — please message us through Etsy before placing your order.

Customizations may involve an additional cost depending on the requested changes. We will discuss your requirements and confirm the final customization price with you before the custom order is placed.

For made-to-measure sizing, please provide:

Chest
Shoulder
Sleeve
Waist
Jacket length

Please double-check all measurements and customization details before confirming your order.

Ideal For

This black and red leather biker jacket is ideal for motorcycle-inspired styling, casual outings, streetwear, biker fashion, concerts, riding-inspired outfits, retro moto looks, and anyone looking for a distinctive statement leather jacket.

Shipping & Customs

Free delivery applies where shown on the listing.

For US deliveries, applicable import duties and fees are included in the checkout price where required by Etsy.

For non-US deliveries, buyers may be responsible for customs duties, import taxes, tariffs, or other charges imposed by their destination country. Customs-related delays are outside our control.

Returns & Custom Orders

Custom-made, personalized, or made-to-measure items are generally non-returnable unless the item arrives damaged, defective, or significantly different from the agreed specifications or listing description.

Please make sure all measurements and customization details are correct before confirming your custom order.

Note

Colors may appear slightly different due to screen and lighting settings. Message us anytime with questions about fit or customization!

Natural leather may show slight variations in shade, grain, and texture. These natural variations are part of the individual character of genuine leather materials.

Care Instructions

Professional leather cleaning is recommended.

Avoid excessive moisture and prolonged direct sunlight. Store the jacket on a suitable hanger in a cool, dry place.

Kingsford Leather

Thank you for choosing Kingsford Leather.

We focus on distinctive leather outerwear, quality craftsmanship, custom-fit options, and timeless statement style.",199.99,CAD,18,"mens_leather_jacket,biker_jacket,black_leather_jacket,moto_leather_jacket,motorcycle_jacket,red_leather_jacket,racer_jacket,quilted_jacket,riding_jacket,sheep_leather_jacket,asymmetrical_jacket,red_stripe_jacket,custom_jacket","Sheep leather",https://i.etsystatic.com/66400165/r/il/859427/8381727561/il_fullxfull.8381727561_hvaa.jpg,https://i.etsystatic.com/66400165/r/il/e43c25/8333843528/il_fullxfull.8333843528_ctug.jpg,https://i.etsystatic.com/66400165/r/il/ba2664/8333843530/il_fullxfull.8333843530_ndqw.jpg,https://i.etsystatic.com/66400165/r/il/d1668c/8333843628/il_fullxfull.8333843628_9p5o.jpg,https://i.etsystatic.com/66400165/r/il/82e8e3/8381727555/il_fullxfull.8381727555_l28f.jpg,https://i.etsystatic.com/66400165/r/il/7c400b/8381807885/il_fullxfull.8381807885_d9cl.jpg,,,,,"Men's chest size",Size,"XXS,XS,S,M,L,XL,2X,3X,4X",,,,,,,
"Men's Suede Biker Jacket, Brown Suede Jacket, Belted Asymmetrical Moto Leather Coat","Men's Brown Suede Biker Jacket

This men's suede biker jacket combines a warm cognac-brown suede finish with a classic double-rider motorcycle silhouette. Designed with an asymmetrical front zipper, wide lapels, shoulder epaulettes, adjustable belted waist, and silver-tone hardware, it delivers timeless moto character with a distinctive suede texture.

The structured rider design works naturally with denim, boots, casual shirts, and layered outfits, making this brown suede jacket suitable for vintage biker styling, rock-inspired fashion, casual streetwear, and statement outerwear.

Key Features
Premium suede construction
Warm cognac brown finish
Classic double-rider biker silhouette
Asymmetrical front zipper
Wide notched lapels
Shoulder epaulettes
Adjustable belted waist with metal buckle
Zippered chest pocket
Vertical zip pockets
Small snap-flap pocket
Silver-tone hardware
Vintage motorcycle-inspired styling
Custom sizing available
Custom Made & Bespoke Options

Custom sizing and bespoke modifications are available upon request.

If you would like any changes to the standard jacket — such as measurements, fit, length, colour, leather type, lining, hardware, pockets, or other design details — please message us through Etsy before placing your order.

Customizations may involve an additional cost depending on the requested changes. We will discuss your requirements and confirm the final customization price with you before the custom order is placed.

For made-to-measure sizing, please provide your Chest, Shoulder, Sleeve, Waist, and Jacket Length measurements.

Please double-check all measurements and customization details before confirming your order.

Ideal For

Ideal for biker and motorcycle-inspired outfits, vintage moto fashion, rock-inspired styling, casual streetwear, concerts, travel, autumn layering, and anyone looking for a distinctive men's suede biker jacket.

Shipping & Customs

Free delivery applies where shown on the listing.

For US deliveries, applicable import duties and fees are included in the checkout price where required by Etsy.

For non-US deliveries, buyers may be responsible for customs duties, import taxes, tariffs, or other charges imposed by their destination country. Customs-related delays are outside our control.

Returns & Custom Orders

Custom-made, personalized, or made-to-measure items are generally non-returnable unless the item arrives damaged, defective, or significantly different from the agreed specifications or listing description.

Please make sure all measurements and customization details are correct before confirming your custom order.

Note

Colors may appear slightly different due to screen and lighting settings. Natural suede may show slight variations in shade, grain, and texture.

Care Instructions

Professional suede/leather cleaning is recommended. Avoid excessive moisture, harsh cleaning products, and prolonged direct sunlight. Store on a suitable hanger in a cool, dry place.

Kingsford Leather

Thank you for choosing Kingsford Leather.

We focus on distinctive leather outerwear, quality craftsmanship, custom-fit options, and timeless statement style.",229.99,CAD,18,"brown_suede_jacket,suede_biker_jacket,cognac_suede_coat,asymmetrical_zip,custom_suede_jacket,suede_jacket_men,suede_moto_jacket,mens_suede_biker,belted_suede_jacket,suede_leather_jacket,brown_moto_jacket,vintage_biker_jacket,biker_suede_jacket",Suede,https://i.etsystatic.com/66400165/r/il/68317f/8381749965/il_fullxfull.8381749965_kupc.jpg,https://i.etsystatic.com/66400165/r/il/379636/8333865802/il_fullxfull.8333865802_1a45.jpg,https://i.etsystatic.com/66400165/r/il/e8a923/8381749959/il_fullxfull.8381749959_890v.jpg,https://i.etsystatic.com/66400165/r/il/e98616/8381749963/il_fullxfull.8381749963_nqv6.jpg,https://i.etsystatic.com/66400165/r/il/87e26c/8333865804/il_fullxfull.8333865804_kbs8.jpg,https://i.etsystatic.com/66400165/r/il/bd19a5/8156523724/il_fullxfull.8156523724_2t4h.jpg,,,,,"Men's chest size",Size,"XXS,XS,S,M,L,XL,2X,3X,4X",,,,,,,
"Women's Black Leather Biker Jacket, Gothic Moto Coat, Eagle Back, Lace-Up Sleeves","Women's Black Leather Biker Jacket

This women's black leather biker jacket combines genuine leather with bold gothic and motorcycle-inspired detailing. Designed with an asymmetric front zipper, adjustable waist belt, lace-up sleeve accents, distressed contrast trim, and a striking eagle back design, it delivers a distinctive statement look.

The fitted moto silhouette makes this jacket ideal for biker styling, gothic streetwear, punk-inspired outfits, concerts, casual wear, and bold everyday looks.

Key Features
Genuine black leather construction
Classic motorcycle biker silhouette
Asymmetric front zipper
Adjustable belted waist
Lace-up sleeve detailing
Gothic-inspired styling
Distressed contrast accents
Eagle back design
Multiple functional zipper pockets
Silver-tone hardware
Structured fitted shape
Custom sizing available
Custom Made & Bespoke Options

Custom sizing and bespoke modifications are available upon request.

If you would like any changes to the standard jacket — such as measurements, fit, length, colour, leather type, lining, hardware, pockets, or other design details — please message us through Etsy before placing your order.

Customizations may involve an additional cost depending on the requested changes. We will discuss your requirements and confirm the final customization price with you before the custom order is placed.

For made-to-measure sizing, please provide: Chest, Shoulder, Sleeve, Waist, Jacket length.

Please double-check all measurements and customization details before confirming your order.

Ideal For

Ideal for biker and motorcycle styling, gothic streetwear, punk and rock-inspired outfits, concerts, casual statement wear, alternative fashion, and anyone looking for a distinctive women's black leather jacket.

Shipping & Customs

Free delivery applies where shown on the listing. For US deliveries, applicable import duties and fees are included in the checkout price where required by Etsy. For non-US deliveries, buyers may be responsible for customs duties, import taxes, tariffs, or other charges imposed by their destination country. Customs-related delays are outside our control.

Returns & Custom Orders

Custom-made, personalized, or made-to-measure items are generally non-returnable unless damaged, defective, or significantly different from the agreed specifications or listing description.

Please verify all measurements and customization details before confirming your custom order.

Note

Colors may appear slightly different due to screen/lighting settings. Message us anytime with questions about fit or customization!

Natural leather may vary slightly in shade, grain, and texture.

Care Instructions

Professional leather cleaning is recommended. Avoid excessive moisture, harsh cleaning products, and prolonged direct sunlight. Store the jacket on a suitable hanger in a cool, dry place.

Kingsford Leather

Thank you for choosing Kingsford Leather.

We focus on distinctive leather outerwear, quality craftsmanship, custom-fit options, and timeless statement style.",199.99,CAD,18,"womens_biker_jacket,black_leather_moto,lace_up_moto_coat,gothic_biker_jacket,belted_moto_jacket,eagle_biker_jacket,distressed_leather,women_moto_jacket,leather_jacket_women,lace_up_leather,punk_biker_jacket,eagle_leather_jacket,distressed_biker",Leather,https://i.etsystatic.com/66400165/r/il/281f5a/8381410879/il_fullxfull.8381410879_3xev.jpg,https://i.etsystatic.com/66400165/r/il/ccf98d/8333564108/il_fullxfull.8333564108_susp.jpg,https://i.etsystatic.com/66400165/r/il/297357/8333524552/il_fullxfull.8333524552_lq59.jpg,https://i.etsystatic.com/66400165/r/il/0807e1/8381410885/il_fullxfull.8381410885_e1ul.jpg,https://i.etsystatic.com/66400165/r/il/d0c519/8381410881/il_fullxfull.8381410881_q6q8.jpg,https://i.etsystatic.com/66400165/r/il/e4d601/8333524546/il_fullxfull.8333524546_fyr9.jpg,https://i.etsystatic.com/66400165/r/il/e96d72/8333524542/il_fullxfull.8333524542_n4lj.jpg,https://i.etsystatic.com/66400165/r/il/a7e252/8333524602/il_fullxfull.8333524602_c25g.jpg,https://i.etsystatic.com/66400165/r/il/452f1c/8204365523/il_fullxfull.8204365523_bylm.jpg,,"Women's clothing size",Size,"XXS,XS,S,M,L,XL,2X,3X,4X",,,,,,,
"Men's Cafe Racer Leather Jacket, Black Biker Jacket with Brown Piping, Vintage Moto Coat","Men's Black Cafe Racer Leather Jacket

This men's cafe racer leather jacket combines genuine black leather with distinctive brown contrast piping for a classic vintage motorcycle look. Designed with a stand collar, front zip closure, multiple zippered pockets, and a fitted racer silhouette, it delivers timeless biker styling with a unique two-tone finish.

The subtle distressed character, brown piping details, and streamlined moto construction make this jacket suitable for everyday wear, motorcycle-inspired styling, vintage outfits, and statement casual looks.

Key Features

Genuine sheep leather construction
Black leather finish
Contrasting brown piping
Classic cafe racer silhouette
Stand collar
Front zipper closure
Multiple zippered pockets
Zippered cuffs
Vintage moto-inspired styling
Structured men's fit
Distressed-style character
Custom sizing available

Custom Made & Bespoke Options

Custom sizing and bespoke modifications are available upon request.

If you would like any changes to the standard jacket — such as measurements, fit, length, colour, leather type, lining, hardware, pockets, or other design details — please message us through Etsy before placing your order.

Customizations may involve an additional cost depending on the requested changes. We will discuss your requirements and confirm the final customization price with you before the custom order is placed.

For made-to-measure sizing, please provide your Chest, Shoulder, Sleeve, Waist, and Jacket Length measurements.

Please double-check all measurements and customization details before confirming your order.

Ideal For

Ideal for cafe racer styling, biker and motorcycle-inspired outfits, vintage moto fashion, casual streetwear, road trips, concerts, everyday outerwear, and statement leather looks.

Shipping & Customs

Free delivery applies where shown on the listing. For US deliveries, applicable import duties and fees are included in the checkout price where required by Etsy.

For non-US deliveries, buyers may be responsible for customs duties, import taxes, tariffs, or other charges imposed by their destination country. Customs-related delays are outside our control.

Returns & Custom Orders

Custom-made, personalized, or made-to-measure items are generally non-returnable unless damaged, defective, or significantly different from the agreed specifications or listing description.

Please verify all measurements and customization details before confirming your custom order.

Note

Colors may appear slightly different due to screen and lighting settings. Natural leather may show slight variations in shade, grain, texture, and distressed finish.

Care Instructions

Professional leather cleaning is recommended. Avoid excessive moisture and prolonged direct sunlight. Store on a suitable hanger in a cool, dry place.

Kingsford Leather

Thank you for choosing Kingsford Leather. We focus on distinctive leather outerwear, quality craftsmanship, custom-fit options, and timeless statement style.",199.99,CAD,18,"cafe_racer_jacket,black_leather_jacket,motorcycle_jacket,brown_piping_jacket,leather_moto_jacket,vintage_moto_jacket,cafe_racer_leather,mens_cafe_racer,black_moto_jacket,vintage_cafe_racer,leather_racer_jacket,distressed_leather,custom_leather","Sheep leather",https://i.etsystatic.com/66400165/r/il/a5d7fa/8374552844/il_fullxfull.8374552844_tbvs.jpg,https://i.etsystatic.com/66400165/r/il/6cf33e/8422427767/il_fullxfull.8422427767_l8cd.jpg,https://i.etsystatic.com/66400165/r/il/d95b5f/8422427729/il_fullxfull.8422427729_7r7b.jpg,https://i.etsystatic.com/66400165/r/il/1654d9/8422427733/il_fullxfull.8422427733_fppv.jpg,https://i.etsystatic.com/66400165/r/il/1ece42/8374552834/il_fullxfull.8374552834_bck0.jpg,https://i.etsystatic.com/66400165/r/il/ea0542/8374552836/il_fullxfull.8374552836_s8xy.jpg,https://i.etsystatic.com/66400165/r/il/972a3f/8374552876/il_fullxfull.8374552876_gykd.jpg,https://i.etsystatic.com/66400165/r/il/ba6dbd/8200768551/il_fullxfull.8200768551_q9ec.jpg,,,"Men's chest size",Size,"XXS,XS,S,M,L,XL,2X,3X,4X",,,,,,,
"Men's Black Skull Vigilante Cosplay Vest, Gothic Sci Fi Armor Costume, Halloween Outfit","Men's Black Skull Vigilante Cosplay Vest

This men's black skull vigilante cosplay vest features a bold armor-inspired design with a dramatic skull chest, adjustable straps, buckle detailing, and a structured sleeveless silhouette.

Designed for vigilante cosplay, gothic styling, sci-fi costumes, conventions, Halloween, themed events, photoshoots, and statement fashion, this vest combines a dark tactical-inspired appearance with distinctive costume armor styling.

Key Features
Black and grey skull-inspired design
Structured armor-style chest detailing
Adjustable shoulder straps
Adjustable side straps
Multiple buckle details
Sleeveless fitted silhouette
Gothic and vigilante aesthetic
Sci-fi and tactical-inspired styling
Designed for cosplay and costume use
Suitable for conventions and themed events
Multiple standard sizes available
Custom sizing available on request
Custom Made & Bespoke Options

Custom sizing and bespoke modifications are available upon request.

If you would like any changes to the standard vest — such as measurements, fit, length, colour, fabric, lining, hardware, straps, buckles, patches, pockets, or other design details — please message us through Etsy before placing your order.

Customizations may involve an additional cost depending on the requested changes. We will discuss your requirements and confirm the final customization price before the custom order is placed.

For made-to-measure sizing, please provide:

Chest
Shoulder
Waist
Vest length

Please double-check all measurements, colours, patches, and customization details before confirming your order.

Ideal For

This skull cosplay vest is suitable for:

Vigilante cosplay
Gothic costumes
Sci-fi cosplay
Cosplay armor looks
Halloween costumes
Comic and fan conventions
Themed events
Photoshoots
Stage and performance costumes
Tactical-inspired costume styling
Alternative fashion
Shipping & Customs

Free delivery applies where shown on the listing.

Any customs duties, import taxes, tariffs, or destination-country charges that are not already collected at checkout are the buyer's responsibility.

Customs processing times and destination-country delays are outside our control.

Standard Size Returns & Custom Orders

Standard-size orders:
Orders placed in our regular standard US sizes are eligible for returns within 30 days, subject to the shop's return conditions.

Custom orders:
Custom-sized, made-to-measure, custom-colour, personalized, patched, or otherwise modified items are generally non-returnable, as they are made specifically to the buyer's requirements.

Custom items may only be eligible for resolution if they arrive damaged, defective, or significantly different from the agreed specifications or listing description.

Please make sure all measurements and customization details are correct before confirming a custom order.

Important Note

This product is designed as a fashion and cosplay costume vest.

It is not bulletproof, ballistic, military-grade, protective body armor, or safety equipment.

Colors may appear slightly different due to photography, lighting conditions, or screen settings.

Please message us before ordering if you have any questions regarding sizing, materials, fit, or customization.

Care Instructions

Follow the care instructions appropriate for the actual material used.

Avoid harsh cleaning products, excessive moisture, and prolonged exposure to direct sunlight.

Store the vest in a cool, dry place when not in use.

Kingsford Leather

Thank you for choosing Kingsford Leather.

We focus on distinctive costume outerwear, quality craftsmanship, custom-fit options, personalized designs, and statement styles.",199.99,CAD,18,"vigilante_costume,vigilante_cosplay,cosplay_armor,tactical_armor,tactical_vest_men,sci_fi_vest,tactical_gear,halloween_costume,armor_cosplay,vigilante_armor,cosplay_costume,skull_cosplay_vest,black_skull_vest",,https://i.etsystatic.com/66400165/r/il/61bff0/8351661196/il_fullxfull.8351661196_3o2l.jpg,https://i.etsystatic.com/66400165/r/il/d4e204/8351661184/il_fullxfull.8351661184_2eu6.jpg,https://i.etsystatic.com/66400165/r/il/3b1c87/8351661188/il_fullxfull.8351661188_ioao.jpg,https://i.etsystatic.com/66400165/r/il/976052/8399546489/il_fullxfull.8399546489_sbao.jpg,https://i.etsystatic.com/66400165/r/il/6cb81f/8399546493/il_fullxfull.8399546493_oxcc.jpg,https://i.etsystatic.com/66400165/r/il/d33e98/8351661190/il_fullxfull.8351661190_5rng.jpg,https://i.etsystatic.com/66400165/r/il/d6128e/8399546497/il_fullxfull.8399546497_m0nx.jpg,https://i.etsystatic.com/66400165/r/il/ac8414/8197650839/il_fullxfull.8197650839_fxsj.jpg,,,"Men's chest size","Chest size","XXS,XS,S,M,L,XL,2X,3X,4X",,,,,,,
"Men's Blue Gold Leather Jacket, Video Game Cosplay Costume, Post Apocalyptic Sci-Fi Coat","Men's Blue & Gold Leather Cosplay Jacket

This men's blue and gold leather cosplay jacket combines a bold retro-futuristic design with a fitted motorcycle-inspired silhouette. Featuring a rich blue body, contrasting gold trim, high stand collar, ribbed detailing, front zipper closure, and distinctive number 33 back detailing, it creates a recognizable post-apocalyptic video-game-inspired look.

Designed for cosplay while remaining wearable as statement outerwear, this jacket is ideal for conventions, gaming events, themed parties, photoshoots, Halloween, and sci-fi inspired fashion.

Key Features
Genuine leather construction
Bold blue and gold colour combination
High stand collar
Front zipper closure
Contrasting gold front trim
Ribbed black panel detailing
Structured shoulder and sleeve design
Number 33 back detailing
Retro-futuristic aesthetic
Post-apocalyptic inspired styling
Fitted men's silhouette
Custom sizing available
Custom Made & Bespoke Options

Custom sizing and bespoke modifications are available upon request.

If you would like any changes to the standard jacket — such as measurements, fit, length, colour, leather type, lining, hardware, patches, numbers, or other design details — please message us through Etsy before placing your order.

Customizations may involve an additional cost depending on the requested changes. We will discuss your requirements and confirm the final customization price before the custom order is placed.

For made-to-measure sizing, please provide your Chest, Shoulder, Sleeve, Waist, and Jacket Length measurements.

Please double-check all measurements and customization details before confirming your order.

Ideal For

Ideal for video game cosplay, sci-fi outfits, post-apocalyptic costumes, gaming conventions, comic conventions, Halloween, themed parties, photoshoots, and statement streetwear.

Shipping & Customs

Free delivery applies where shown on the listing.

For US deliveries, applicable import duties and fees are included in the checkout price where required by Etsy.

For non-US deliveries, buyers may be responsible for customs duties, import taxes, tariffs, or other charges imposed by their destination country. Customs-related delays are outside our control.

Returns & Custom Orders

Custom-made, personalized, or made-to-measure items are generally non-returnable unless damaged, defective, or significantly different from the agreed specifications or listing description.

Please verify all measurements and customization details before confirming your custom order.

Note

Colors may appear slightly different due to screen and lighting settings. Natural leather can show slight variations in grain, shade, and texture.

Care Instructions

Professional leather cleaning is recommended. Avoid excessive moisture, harsh chemicals, and prolonged direct sunlight. Store on a suitable hanger in a cool, dry place.

Kingsford Leather

Thank you for choosing Kingsford Leather.

We focus on distinctive leather outerwear, cosplay-inspired designs, quality craftsmanship, custom-fit options, and statement fashion.",299.99,CAD,18,"cosplay_jacket,blue_gold_jacket,wasteland_jacket,sci_fi_cosplay,comic_con_outfit,blue_leather_coat,video_game_cosplay,cosplay_leather,post_apoc_jacket,blue_gold_cosplay,mens_cosplay_jacket,retro_futuristic,cosplay_costume",Leather,https://i.etsystatic.com/66400165/r/il/c4ecff/8348339292/il_fullxfull.8348339292_ykkv.jpg,https://i.etsystatic.com/66400165/r/il/1cecd0/8396225895/il_fullxfull.8396225895_4hnt.jpg,https://i.etsystatic.com/66400165/r/il/65c6e9/8348339288/il_fullxfull.8348339288_pj2a.jpg,https://i.etsystatic.com/66400165/r/il/bf47fb/8396225901/il_fullxfull.8396225901_5ue3.jpg,https://i.etsystatic.com/66400165/r/il/3ee087/8396225897/il_fullxfull.8396225897_2uf3.jpg,https://i.etsystatic.com/66400165/r/il/ca7d32/8197599053/il_fullxfull.8197599053_60ff.jpg,,,,,"Men's chest size",Size,"XXS,XS,S,M,L,XL,2X,3X,4X",,,,,,,
"Women's Shearling Vest, Toscana Sheepskin Gilet, Olive Green Suede Fur Waistcoat","Women's Olive Green Shearling Vest

This women's shearling vest combines an olive green suede exterior with luxurious Toscana-style sheepskin fur trim for a distinctive cold-weather layering piece. The sleeveless open-front waistcoat silhouette offers warmth without bulk while maintaining a relaxed, elegant look.

The contrast between the olive suede body and warm brown fur trim makes this vest easy to style over knitwear, shirts, dresses, denim, or winter layers.

Key Features
Genuine suede leather exterior
Sheepskin / shearling fur detailing
Olive green suede finish
Toscana-inspired fur trim
Sleeveless waistcoat design
Open-front construction
Wide fur-trimmed collar and edges
Functional pockets
Warm winter layering piece
Boho and vintage-inspired styling
Comfortable relaxed fit
Custom sizing available
Custom Made & Bespoke Options

Custom sizing and bespoke modifications are available upon request.

If you would like any changes to the standard jacket — such as measurements, fit, length, colour, leather type, lining, hardware, pockets, or other design details — please message us through Etsy before placing your order.

Customizations may involve an additional cost depending on the requested changes. We will discuss your requirements and confirm the final customization price with you before the custom order is placed.

For made-to-measure sizing, please provide: Chest, Shoulder, Waist, and desired garment length.

Please double-check all measurements and customization details before confirming your order.

Ideal For

Ideal for autumn and winter layering, casual outfits, countryside styling, boho-inspired looks, travel, outdoor occasions, and anyone looking for a distinctive women's sheepskin waistcoat.

Shipping & Customs

Free delivery applies where shown on the listing. For US deliveries, applicable import duties and fees are included in the checkout price where required by Etsy. For non-US deliveries, buyers may be responsible for customs duties, import taxes, tariffs, or other charges imposed by their destination country. Customs-related delays are outside our control.

Returns & Custom Orders

Custom-made, personalized, or made-to-measure items are generally non-returnable unless damaged, defective, or significantly different from the agreed specifications or listing description.

Please verify all measurements and customization details before confirming your custom order.

Note

Colors may appear slightly different due to screen/lighting settings. Message us anytime with questions about fit or customization!

Natural suede and sheepskin may vary slightly in shade, grain, texture, and fur appearance. These natural variations are part of the character of genuine materials.

Care Instructions

Professional suede/sheepskin cleaning is recommended. Avoid excessive moisture, harsh cleaning products, and prolonged direct sunlight. Store in a cool, dry place with enough room to preserve the natural fur.

Kingsford Leather

Thank you for choosing Kingsford Leather.

We focus on distinctive leather outerwear, quality craftsmanship, custom-fit options, and timeless statement style.",400,CAD,28,"Toscana_Fur_Vest,Sheepskin_Gilet,Leather_Waistcoat,Fur_Waistcoat,Womens_Fur_Vest,Shearling_Vest,Toscana_Gilet,Suede_Leather_Vest,Olive_Green_Vest,sheepskin_vest_women,sheepskin_waistcoat,womens_shearling,shearling_waistcoat","Leather,Polyester,Sheepskin,Suede",https://i.etsystatic.com/66400165/r/il/2dbff5/8333963794/il_fullxfull.8333963794_6248.jpg,https://i.etsystatic.com/66400165/r/il/538915/8381848113/il_fullxfull.8381848113_a0am.jpg,https://i.etsystatic.com/66400165/r/il/842abf/8381848109/il_fullxfull.8381848109_jr0o.jpg,https://i.etsystatic.com/66400165/r/il/cc7098/8333963796/il_fullxfull.8333963796_j9x8.jpg,https://i.etsystatic.com/66400165/r/il/5939d9/8381848111/il_fullxfull.8381848111_rdm6.jpg,https://i.etsystatic.com/66400165/r/il/95aa86/8381848119/il_fullxfull.8381848119_chaj.jpg,https://i.etsystatic.com/66400165/r/il/4ce882/8149032716/il_fullxfull.8149032716_92oa.jpg,,,,"Women's clothing size",Size,"XXS,XS,S,M,L,XL,0X,1X,2X,3X,4X,5X,One size,One size (plus)",,,,,,,
"Women's Gothic Leather Tailcoat, Olive Green Victorian Steampunk Coat, Witchy Duster","Women's Olive Green Gothic Leather Tailcoat

This women's gothic leather tailcoat combines an olive green leather finish with a dramatic Victorian and steampunk-inspired silhouette. Designed with a fitted double-breasted front, oversized lapels, structured waist, and high-low tailcoat hem, it creates a distinctive statement look with vintage character.

The dramatic cut makes this leather coat ideal for gothic styling, steampunk outfits, dark academia looks, cosplay-inspired fashion, and bold everyday wear.

Key Features
Genuine leather construction
Olive green finish
Victorian-inspired tailcoat silhouette
Gothic and steampunk styling
Double-breasted button front
Oversized lapel collar
Fitted waist
Dramatic high-low hem
Long tailcoat back
Functional pockets
Structured feminine fit
Custom sizing available
Custom Made & Bespoke Options

Custom sizing and bespoke modifications are available upon request.

If you would like any changes to the standard jacket — such as measurements, fit, length, colour, leather type, lining, hardware, pockets, or other design details — please message us through Etsy before placing your order.

Customizations may involve an additional cost depending on the requested changes. We will discuss your requirements and confirm the final customization price with you before the custom order is placed.

For made-to-measure sizing, please provide: Chest, Shoulder, Sleeve, Waist, Jacket length.

Please double-check all measurements and customization details before confirming your order.

Ideal For

Ideal for gothic fashion, Victorian and steampunk outfits, dark academia styling, alternative fashion, themed events, cosplay-inspired looks, autumn layering, and statement everyday wear.

Shipping & Customs

Free delivery applies where shown on the listing. For US deliveries, applicable import duties and fees are included in the checkout price where required by Etsy. For non-US deliveries, buyers may be responsible for customs duties, import taxes, tariffs, or other charges imposed by their destination country. Customs-related delays are outside our control.

Returns & Custom Orders

Custom-made, personalized, or made-to-measure items are generally non-returnable unless damaged, defective, or significantly different from the agreed specifications or listing description.

Please verify all measurements and customization details before confirming your custom order.

Note

Colors may appear slightly different due to screen/lighting settings. Message us anytime with questions about fit or customization!

Natural leather may vary slightly in shade, grain, and texture. These natural variations are part of the character of genuine leather.

Care Instructions

Professional leather cleaning is recommended. Avoid excessive moisture, harsh cleaning products, and prolonged direct sunlight. Store the coat on a suitable hanger in a cool, dry place.

Kingsford Leather

Thank you for choosing Kingsford Leather.

We focus on distinctive leather outerwear, quality craftsmanship, custom-fit options, and timeless statement style.",229.99,CAD,24,"Gothic_Leather_Coat,Victorian_Coat,Steampunk_Jacket,Leather_Tailcoat,Edwardian_Coat,Alternative_Fashion,Dark_Academia_Coat,Womens_Leather_Coat,womens_tailcoat,witchy_leather_coat,steampunk_coat,gothic_tailcoat,green_leather_coat","Metal,Leather,Polyester,Viscose",https://i.etsystatic.com/66400165/r/il/5fba63/8334028052/il_fullxfull.8334028052_m543.jpg,https://i.etsystatic.com/66400165/r/il/8153fd/8334028044/il_fullxfull.8334028044_k1w6.jpg,https://i.etsystatic.com/66400165/r/il/c169b2/8381912569/il_fullxfull.8381912569_hara.jpg,https://i.etsystatic.com/66400165/r/il/0ba9ba/8381912571/il_fullxfull.8381912571_2sxe.jpg,https://i.etsystatic.com/66400165/r/il/acdec9/8334028050/il_fullxfull.8334028050_jqex.jpg,https://i.etsystatic.com/66400165/r/il/3ad179/8381912575/il_fullxfull.8381912575_7gbg.jpg,https://i.etsystatic.com/66400165/r/il/1f58dc/8381912577/il_fullxfull.8381912577_2j9y.jpg,https://i.etsystatic.com/66400165/r/il/c9fc1e/8148394658/il_fullxfull.8148394658_thn2.jpg,,,"Women's clothing size",Size,"XXS,XS,S,M,L,XL,0X,1X,2X,3X,4X,5X,One size,One size (plus)",,,,,,,
"Brown Suede Trucker Jacket, Western Style Leather Coat, Vintage Cowgirl Outerwear","Women's Brown Suede Trucker Jacket – Vintage Western Style Leather Jacket

Elevate your everyday wardrobe with this beautifully crafted Women's Brown Suede Trucker Jacket, designed for women who appreciate timeless fashion and premium craftsmanship. Made from high-quality genuine suede leather, this jacket combines classic trucker styling with a modern feminine fit, making it a versatile piece you'll reach for season after season.

Featuring a structured shirt-style collar, button-front closure, chest flap pockets, and a rich vintage brown finish, this suede jacket delivers the perfect blend of western charm and contemporary elegance. The soft suede texture develops character over time, creating a unique look that becomes even better with wear.

Whether you're styling it with jeans, boots, dresses, or casual outfits, this jacket effortlessly transitions from daytime adventures to evening outings. Its lightweight yet durable construction makes it ideal for layering during fall, winter, and cool spring days.

Features

✔ Premium Genuine Suede Leather

✔ Classic Trucker Jacket Design

✔ Button Front Closure

✔ Shirt Style Collar

✔ Two Chest Flap Pockets

✔ Side Hand Pockets

✔ Soft Comfortable Inner Lining

✔ Durable Stitching & Premium Hardware

✔ Vintage Brown Finish

✔ Tailored Women's Fit

✔ Perfect for Fall, Winter & Spring

Perfect For

• Everyday Casual Wear

• Western & Cowgirl Fashion

• Country Concerts

• Travel & Weekend Outings

• Fall Layering

• Street Style Fashion

• Birthday & Holiday Gifts

Why You'll Love It

This suede trucker jacket is the perfect combination of rugged western heritage and modern feminine style. Its versatile design pairs effortlessly with denim, skirts, boots, and everyday essentials, making it a wardrobe staple you'll wear year after year.

Custom Sizing Available

Need a custom fit? We offer made-to-measure sizing to ensure the perfect fit. Simply send us your measurements when placing your order.

Care Instructions

Professional leather cleaning only. Store in a cool, dry place away from direct sunlight to maintain the beauty and longevity of the suede leather.

Kingsford Leather – Premium Craftsmanship, Timeless Style.",229.99,CAD,24,"suede_jacket_women,brown_suede_jacket,trucker_jacket,leather_jacket_women,western_jacket,vintage_suede_coat,cowgirl_jacket,womens_trucker,suede_coat_women,boho_jacket,fall_leather_jacket,casual_suede_jacket,genuine_suede_coat","Metal,Leather,Polyester",https://i.etsystatic.com/66400165/r/il/ea44b0/8334055596/il_fullxfull.8334055596_f85b.jpg,https://i.etsystatic.com/66400165/r/il/e9a74f/8334055602/il_fullxfull.8334055602_n4om.jpg,https://i.etsystatic.com/66400165/r/il/a02d28/8381940287/il_fullxfull.8381940287_tody.jpg,https://i.etsystatic.com/66400165/r/il/26551a/8381940293/il_fullxfull.8381940293_2gsf.jpg,https://i.etsystatic.com/66400165/r/il/8f02e2/8334055600/il_fullxfull.8334055600_oudn.jpg,https://i.etsystatic.com/66400165/r/il/0589e6/8381940291/il_fullxfull.8381940291_oz90.jpg,https://i.etsystatic.com/66400165/r/il/dbf90d/8195889909/il_fullxfull.8195889909_jdcu.jpg,,,,"Women's clothing size",Size,"XXS,XS,S,M,L,XL,2X,3X,4X,5X,One size,One size (plus)",,,,,,,
"Women's Leather Vest, Red Blue Motorcycle Biker Waistcoat, Patriotic Cosplay Vest","Women's Red White & Blue Leather Vest

This women's leather vest is crafted from genuine leather in a bold red, white, and navy blue color-block design. Featuring a sleeveless motorcycle-inspired silhouette, stand collar, front zipper closure, contrast chest panels, and practical pockets, it combines biker styling with patriotic and cosplay-inspired character.

The fitted waistcoat design works well for motorcycle-inspired outfits, themed events, cosplay looks, comic conventions, patriotic styling, and statement casual wear.

Key Features

Genuine leather construction; red, white and navy color-block design; sleeveless biker vest silhouette; stand collar; front zipper closure; practical front pockets; contrast panel detailing; fitted women's cut; motorcycle-inspired styling; cosplay and patriotic character; custom sizing available.

Custom Made & Bespoke Options

Custom sizing and bespoke modifications are available upon request.

If you would like any changes to the standard jacket — such as measurements, fit, length, colour, leather type, lining, hardware, pockets, or other design details — please message us through Etsy before placing your order.

Customizations may involve an additional cost depending on the requested changes. We will discuss your requirements and confirm the final customization price with you before the custom order is placed.

For made-to-measure sizing, please provide: Chest, Shoulder, Waist, and garment length.

Please double-check all measurements and customization details before confirming your order.

Ideal For

Ideal for motorcycle and biker styling, cosplay outfits, comic conventions, patriotic events, themed costumes, casual statement wear, and red-white-blue outfit styling.

Shipping & Customs

Free delivery applies where shown on the listing. For US deliveries, applicable import duties and fees are included in the checkout price where required by Etsy. For non-US deliveries, buyers may be responsible for customs duties, import taxes, tariffs, or other charges imposed by their destination country. Customs-related delays are outside our control.

Returns & Custom Orders

Custom-made, personalized, or made-to-measure items are generally non-returnable unless damaged, defective, or significantly different from the agreed specifications or listing description.

Please verify all measurements and customization details before confirming your custom order.

Note

Colors may appear slightly different due to screen/lighting settings. Natural leather may vary slightly in grain and texture.

Care Instructions

Professional leather cleaning is recommended. Avoid excessive moisture, harsh chemicals, and prolonged direct sunlight. Store in a cool, dry place.

Kingsford Leather

Thank you for choosing Kingsford Leather. We focus on distinctive leather outerwear, quality craftsmanship, custom-fit options, and statement styling.",187,CAD,28,"womens_leather_vest,biker_vest_women,motorcycle_vest,superhero_vest,comic_con_costume,american_flag_vest,patriotic_vest,leather_waistcoat,red_blue_vest,biker_leather_vest,cosplay_leather_vest,patriotic_leather,custom_leather_vest","Metal,Leather,Polyester,Satin,Sheep leather",https://i.etsystatic.com/66400165/r/il/34e7cd/8399819137/il_fullxfull.8399819137_2fnr.jpg,https://i.etsystatic.com/66400165/r/il/246ebe/8399819133/il_fullxfull.8399819133_737c.jpg,https://i.etsystatic.com/66400165/r/il/4e6ede/8351934672/il_fullxfull.8351934672_47lj.jpg,https://i.etsystatic.com/66400165/r/il/62f230/8399819135/il_fullxfull.8399819135_okob.jpg,https://i.etsystatic.com/66400165/r/il/ba07ab/8351934678/il_fullxfull.8351934678_3gbm.jpg,https://i.etsystatic.com/66400165/r/il/f33ba2/8351934680/il_fullxfull.8351934680_3vkp.jpg,https://i.etsystatic.com/66400165/r/il/05c145/8147818140/il_fullxfull.8147818140_5b04.jpg,,,,"Women's clothing size",Size,"XXS,XS,S,M,L,XL,0X,1X,2X,3X,4X,5X,One size,One size (plus)",,,,,,,
"Women's Leather Trench Coat, Brown Lambskin Tailored Long Winter Overcoat","Women's Brown Lambskin Leather Trench Coat

This women's leather trench coat is crafted from soft genuine lambskin leather in a rich brown finish. Designed with a flattering tailored silhouette, classic button-front closure, practical side pockets, and an elegant long-coat shape, it combines timeless trench styling with comfortable everyday wear.

The refined brown finish makes this lambskin coat suitable for workwear, smart-casual outfits, travel, evening wear, and autumn or winter layering.

Key Features

Genuine lambskin leather construction, rich brown finish, classic trench coat silhouette, tailored feminine fit, button-front closure, functional side pockets, comfortable inner lining, long overcoat styling, premium craftsmanship, and custom sizing available.

Custom Made & Bespoke Options

Custom sizing and bespoke modifications are available upon request.

If you would like any changes to the standard jacket — such as measurements, fit, length, colour, leather type, lining, hardware, pockets, or other design details — please message us through Etsy before placing your order.

Customizations may involve an additional cost depending on the requested changes. We will discuss your requirements and confirm the final customization price with you before the custom order is placed.

For made-to-measure sizing, please provide: Chest, Shoulder, Sleeve, Waist, Jacket length.

Please double-check all measurements and customization details before confirming your order.

Ideal For

Ideal for workwear, smart-casual outfits, autumn and winter layering, travel, evening wear, everyday styling, and anyone looking for a timeless women's brown leather trench coat.

Shipping & Customs

Free delivery applies where shown on the listing. For US deliveries, applicable import duties and fees are included in the checkout price where required by Etsy. For non-US deliveries, buyers may be responsible for customs duties, import taxes, tariffs, or other charges imposed by their destination country. Customs-related delays are outside our control.

Returns & Custom Orders

Custom-made, personalized, or made-to-measure items are generally non-returnable unless damaged, defective, or significantly different from the agreed specifications or listing description.

Please verify all measurements and customization details before confirming your custom order.

Note

Colors may appear slightly different due to screen/lighting settings. Natural lambskin leather may vary slightly in shade, grain, and texture. These variations are part of the natural character of genuine leather.

Care Instructions

Professional leather cleaning is recommended. Avoid excessive moisture, harsh cleaning products, and prolonged direct sunlight. Store the coat on a suitable hanger in a cool, dry place.

Kingsford Leather

Thank you for choosing Kingsford Leather. We focus on distinctive leather outerwear, quality craftsmanship, custom-fit options, and timeless statement style.",229.99,CAD,28,"brown_leather_coat,leather_trench_coat,womens_leather_coat,brown_trench_coat,long_leather_coat,winter_leather_coat,custom_leather,leather_outerwear,lambskin_leather,fitted_leather_coat,tailored_leather,brown_long_coat,womens_trench_coat","Leather,Sheep leather",https://i.etsystatic.com/66400165/r/il/67af51/8394809003/il_fullxfull.8394809003_mz47.jpg,https://i.etsystatic.com/66400165/r/il/ef0b4c/8346921840/il_fullxfull.8346921840_ekhp.jpg,https://i.etsystatic.com/66400165/r/il/7c9ba4/8394809019/il_fullxfull.8394809019_67jk.jpg,https://i.etsystatic.com/66400165/r/il/ef0cc4/8394809013/il_fullxfull.8394809013_6trr.jpg,https://i.etsystatic.com/66400165/r/il/caf003/8394809091/il_fullxfull.8394809091_73tg.jpg,https://i.etsystatic.com/66400165/r/il/4716e7/8394809047/il_fullxfull.8394809047_ny2i.jpg,https://i.etsystatic.com/66400165/r/il/be10af/8346921836/il_fullxfull.8346921836_n4gh.jpg,https://i.etsystatic.com/66400165/r/il/a37c5e/8195128025/il_fullxfull.8195128025_55bd.jpg,,,"Women's clothing size",Size,"XXS,XS,S,M,L,XL,0X,1X,2X,3X,4X,5X,One size,One size (plus)",,,,,,,
"Men's Distressed Leather Jacket, Black Cafe Racer Biker Jacket, Quilted Motorcycle Moto Coat","Men's Black Distressed Cafe Racer Leather Jacket

This men's distressed leather jacket is crafted from real sheep leather with a rugged black finish and classic cafe racer biker styling. Designed with quilted shoulder panels, a front zip closure, snap-tab collar, and zippered cuffs, it combines vintage motorcycle character with a clean, fitted silhouette.

The naturally distressed finish gives the jacket a worn-in appearance, while its structured cafe racer design makes it suitable for everyday wear, motorcycle-inspired styling, casual outfits, and statement outerwear.

Key Features
Real sheep leather construction
Black distressed leather finish
Classic cafe racer biker design
Quilted shoulder detailing
Front zipper closure
Snap-tab stand collar
Zippered cuffs
Structured slim moto silhouette
Vintage worn-in appearance
Motorcycle-inspired styling
Suitable for casual and everyday wear
Custom Made & Bespoke Options

Custom sizing and bespoke modifications are available upon request.

If you would like any changes to the standard jacket — such as measurements, fit, length, colour, leather type, lining, hardware, pockets, or other design details — please message us through Etsy before placing your order.

Customizations may involve an additional cost depending on the requested changes. We will discuss your requirements and confirm the final customization price with you before the custom order is placed.

For made-to-measure sizing, please provide:

Chest
Shoulder
Sleeve
Waist
Jacket length

Please double-check all measurements and customization details before confirming your order.

Ideal For

Ideal for cafe racer styling, biker and motorcycle-inspired outfits, vintage leather fashion, casual streetwear, concerts, road-trip looks, everyday outerwear, and anyone looking for a rugged men's distressed leather jacket.

Shipping & Customs

Free delivery applies where shown on the listing.

For US deliveries, applicable import duties and fees are included in the checkout price where required by Etsy.

For non-US deliveries, buyers may be responsible for customs duties, import taxes, tariffs, or other charges imposed by their destination country. Customs-related delays are outside our control.

Returns & Custom Orders

Custom-made, personalized, or made-to-measure items are generally non-returnable unless the item arrives damaged, defective, or significantly different from the agreed specifications or listing description.

Please make sure all measurements and customization details are correct before confirming your custom order.

Note

Colors may appear slightly different due to screen and lighting settings. Message us anytime with questions about fit or customization.

Natural leather may show slight variations in shade, grain, texture, and distressed finish. These characteristics are part of the individual appearance of genuine leather.

Care Instructions

Professional leather cleaning is recommended.

Avoid excessive moisture and prolonged direct sunlight. Store the jacket on a suitable hanger in a cool, dry place.

Kingsford Leather

Thank you for choosing Kingsford Leather.

We focus on distinctive leather outerwear, quality craftsmanship, custom-fit options, and timeless statement style.",199.99,CAD,18,"cafe_racer_jacket,biker_leather_jacket,mens_leather_jacket,leather_biker_jacket,black_leather_jacket,real_leather_jacket,moto_leather_jacket,motorcycle_jacket,distressed_leather,distressed_jacket,quilted_jacket,racer_jacket,sheep_leather_jacket","Sheep leather",https://i.etsystatic.com/66400165/r/il/2da15e/8334076702/il_fullxfull.8334076702_fy83.jpg,https://i.etsystatic.com/66400165/r/il/c2bf94/8334076700/il_fullxfull.8334076700_rtx4.jpg,https://i.etsystatic.com/66400165/r/il/75f4f1/8334076686/il_fullxfull.8334076686_l7g8.jpg,https://i.etsystatic.com/66400165/r/il/76c5e2/8334076696/il_fullxfull.8334076696_s2n4.jpg,https://i.etsystatic.com/66400165/r/il/ad1568/8381961273/il_fullxfull.8381961273_aay2.jpg,https://i.etsystatic.com/66400165/r/il/4607a0/8145609736/il_fullxfull.8145609736_1e53.jpg,,,,,"Men's chest size",Size,"XXS,XS,S,M,L,XL,2X,3X,4X",,,,,,,
"Men's Cafe Racer Leather Jacket, Black Distressed Biker Jacket, Vintage Racing Stripe Moto Coat","Men's Black Distressed Cafe Racer Leather Jacket

This men's cafe racer leather jacket combines a rugged distressed black finish with distinctive racing stripe detailing for a vintage motorcycle-inspired look. Crafted in genuine leather, it features a stand collar, front zip closure, contrasting sleeve and shoulder stripes, multiple zippered pockets, and a fitted biker silhouette.

The distressed finish and retro racing accents give this jacket a bold worn-in character, making it suitable for everyday wear, biker styling, motorcycle-inspired outfits, vintage fashion, and statement streetwear.

Key Features
Genuine leather construction
Black distressed finish
Classic cafe racer biker silhouette
Vintage racing stripe detailing
Contrasting sleeve and shoulder accents
Front zipper closure
Stand collar
Multiple zippered pockets
Zippered cuffs
Structured men's fit
Retro motorcycle-inspired styling
Suitable for casual and everyday wear
Custom Made & Bespoke Options

Custom sizing and bespoke modifications are available upon request.

If you would like any changes to the standard jacket — such as measurements, fit, length, colour, leather type, lining, hardware, pockets, or other design details — please message us through Etsy before placing your order.

Customizations may involve an additional cost depending on the requested changes. We will discuss your requirements and confirm the final customization price with you before the custom order is placed.

For made-to-measure sizing, please provide your Chest, Shoulder, Sleeve, Waist, and Jacket Length measurements.

Please double-check all measurements and customization details before confirming your order.

Ideal For

Ideal for cafe racer styling, motorcycle and biker-inspired outfits, vintage racing fashion, casual streetwear, concerts, road trips, retro looks, and anyone looking for a distinctive men's leather jacket.

Shipping & Customs

Free delivery applies where shown on the listing.

For US deliveries, applicable import duties and fees are included in the checkout price where required by Etsy.

For non-US deliveries, buyers may be responsible for customs duties, import taxes, tariffs, or other charges imposed by their destination country. Customs-related delays are outside our control.

Returns & Custom Orders

Custom-made, personalized, or made-to-measure items are generally non-returnable unless the item arrives damaged, defective, or significantly different from the agreed specifications or listing description.

Please make sure all measurements and customization details are correct before confirming your custom order.

Note

Colors may appear slightly different due to screen and lighting settings. Message us anytime with questions about fit or customization.

Natural leather may show slight variations in shade, grain, texture, and distressed finish. These natural characteristics are part of the individual appearance of genuine leather.

Care Instructions

Professional leather cleaning is recommended.

Avoid excessive moisture and prolonged direct sunlight. Store the jacket on a suitable hanger in a cool, dry place.

Kingsford Leather

Thank you for choosing Kingsford Leather.

We focus on distinctive leather outerwear, quality craftsmanship, custom-fit options, and timeless statement style.",199.99,CAD,18,"cafe_racer_jacket,motorcycle_jacket,black_leather_jacket,genuine_leather,custom_leather,biker_leather_jacket,moto_leather_jacket,distressed_leather,mens_leather_jacket,racing_stripe_jacket,racer_jacket,striped_biker_jacket,striped_leather","Metal,Leather,Viscose",https://i.etsystatic.com/66400165/r/il/32f781/8334105956/il_fullxfull.8334105956_rumq.jpg,https://i.etsystatic.com/66400165/r/il/bb7bbb/8381990455/il_fullxfull.8381990455_febl.jpg,https://i.etsystatic.com/66400165/r/il/91c885/8334105944/il_fullxfull.8334105944_9lun.jpg,https://i.etsystatic.com/66400165/r/il/fd9d64/8381990457/il_fullxfull.8381990457_knom.jpg,https://i.etsystatic.com/66400165/r/il/2fcc03/8334105948/il_fullxfull.8334105948_kf17.jpg,https://i.etsystatic.com/66400165/r/il/b2f3a6/8381990449/il_fullxfull.8381990449_fjc4.jpg,https://i.etsystatic.com/66400165/r/il/8ed786/8381990459/il_fullxfull.8381990459_5lqv.jpg,https://i.etsystatic.com/66400165/r/il/b529ec/8145560738/il_fullxfull.8145560738_c6j3.jpg,,,"Men's chest size",Size,"XXS,XS,S,M,L,XL,2X,3X,4X",,,,,,,
"Men's Suede Bomber Jacket, Tan Aviator Jacket, Shearling Collar Flight Coat","Men's Tan Suede Bomber Jacket

This men's suede bomber jacket combines a warm tan suede finish with classic aviator-inspired styling and a soft shearling-style collar. Designed with a front zipper closure, ribbed cuffs and hem, practical pockets, and a structured bomber silhouette, it offers a timeless flight-jacket look for everyday wear.

The warm brown-tan finish and contrasting collar make this jacket easy to style with denim, boots, knitwear, and casual winter outfits while retaining the character of a classic aviator jacket.

Key Features
Premium suede construction
Warm tan / brown suede finish
Classic bomber jacket silhouette
Aviator and flight-jacket inspired styling
Soft shearling-style collar
Front zipper closure
Ribbed cuffs and hem
Practical front pockets
Comfortable everyday fit
Suitable for autumn and winter layering
Custom sizing available
Custom Made & Bespoke Options

Custom sizing and bespoke modifications are available upon request.

If you would like any changes to the standard jacket — such as measurements, fit, length, colour, leather type, lining, hardware, pockets, or other design details — please message us through Etsy before placing your order.

Customizations may involve an additional cost depending on the requested changes. We will discuss your requirements and confirm the final customization price with you before the custom order is placed.

For made-to-measure sizing, please provide: Chest, Shoulder, Sleeve, Waist, Jacket length.

Please double-check all measurements and customization details before confirming your order.

Ideal For

Ideal for everyday casual wear, aviator and flight-jacket styling, vintage-inspired outfits, autumn and winter layering, travel, smart-casual looks, and anyone looking for a classic men's suede bomber jacket.

Shipping & Customs

Free delivery applies where shown on the listing. For US deliveries, applicable import duties and fees are included in the checkout price where required by Etsy. For non-US deliveries, buyers may be responsible for customs duties, import taxes, tariffs, or other charges imposed by their destination country. Customs-related delays are outside our control.

Returns & Custom Orders

Custom-made, personalized, or made-to-measure items are generally non-returnable unless damaged, defective, or significantly different from the agreed specifications or listing description.

Please verify all measurements and customization details before confirming your custom order.

Note

Colors may appear slightly different due to screen/lighting settings. Message us anytime with questions about fit or customization!

Natural suede may vary slightly in shade, grain, and texture. These natural variations are part of the character of genuine suede.

Care Instructions

Professional suede/leather cleaning is recommended. Avoid excessive moisture, harsh cleaning products, and prolonged direct sunlight. Store the jacket on a suitable hanger in a cool, dry place.

Kingsford Leather

Thank you for choosing Kingsford Leather.

We focus on distinctive leather outerwear, quality craftsmanship, custom-fit options, and timeless statement style.",229.99,CAD,18,"suede_bomber,suede_jacket_men,brown_suede_coat,tan_suede_jacket,shearling_collar,aviator_jacket,flight_jacket,bomber_jacket_men,winter_suede_jacket,brown_aviator_jacket,custom_suede_jacket,suede_aviator,mens_suede_bomber",Suede,https://i.etsystatic.com/66400165/r/il/e19a0a/8382014017/il_fullxfull.8382014017_1nbe.jpg,https://i.etsystatic.com/66400165/r/il/ad0ffb/8382014007/il_fullxfull.8382014007_ec3f.jpg,https://i.etsystatic.com/66400165/r/il/5ac1e2/8382014009/il_fullxfull.8382014009_szh6.jpg,https://i.etsystatic.com/66400165/r/il/cfa285/8334129330/il_fullxfull.8334129330_8wyw.jpg,https://i.etsystatic.com/66400165/r/il/62e2bc/8382014011/il_fullxfull.8382014011_3f9q.jpg,https://i.etsystatic.com/66400165/r/il/f07c90/8334129332/il_fullxfull.8334129332_m9xx.jpg,https://i.etsystatic.com/66400165/r/il/d07303/8382014013/il_fullxfull.8382014013_p4uu.jpg,https://i.etsystatic.com/66400165/r/il/5ba508/8189527957/il_fullxfull.8189527957_dp0b.jpg,,,"Men's chest size",Size,"XXS,XS,S,M,L,XL,2X,3X,4X",,,,,,,
"Men's Black Hooded Leather Jacket, Removable Hood Biker Bomber Coat","Men's Black Hooded Leather Jacket

This men's black hooded leather jacket combines genuine sheepskin leather with a rugged biker-inspired silhouette and practical removable hood. Designed with a front zipper closure, multiple zippered pockets, structured detailing, and a comfortable everyday fit, it offers a versatile leather outerwear option for cooler weather.

The removable hood allows the jacket to shift between a casual leather-hoodie look and a cleaner motorcycle-inspired style, making it suitable for everyday wear, streetwear, travel, and seasonal layering.

Key Features
Genuine sheepskin leather
Classic black leather finish
Removable hood
Front zipper closure
Multiple functional zippered pockets
Structured biker-inspired design
Comfortable everyday fit
Versatile hooded and non-hooded styling
Suitable for autumn and winter layering
Custom sizing available
Custom Made & Bespoke Options

Custom sizing and bespoke modifications are available upon request.

If you would like any changes to the standard jacket — such as measurements, fit, length, colour, leather type, lining, hardware, pockets, or other design details — please message us through Etsy before placing your order.

Customizations may involve an additional cost depending on the requested changes. We will discuss your requirements and confirm the final customization price with you before the custom order is placed.

For made-to-measure sizing, please provide: Chest, Shoulder, Sleeve, Waist, Jacket length.

Please double-check all measurements and customization details before confirming your order.

Ideal For

Ideal for everyday casual wear, biker and motorcycle-inspired outfits, streetwear, travel, autumn and winter layering, and anyone looking for a versatile men's black hooded leather jacket.

Shipping & Customs

Free delivery applies where shown on the listing. For US deliveries, applicable import duties and fees are included in the checkout price where required by Etsy. For non-US deliveries, buyers may be responsible for customs duties, import taxes, tariffs, or other charges imposed by their destination country. Customs-related delays are outside our control.

Returns & Custom Orders

Custom-made, personalized, or made-to-measure items are generally non-returnable unless damaged, defective, or significantly different from the agreed specifications or listing description.

Please verify all measurements and customization details before confirming your custom order.

Note

Colors may appear slightly different due to screen/lighting settings. Message us anytime with questions about fit or customization!

Natural leather may vary slightly in shade, grain, and texture. These natural variations are part of the character of genuine leather.

Care Instructions

Professional leather cleaning is recommended. Avoid excessive moisture, harsh cleaning products, and prolonged direct sunlight. Store the jacket on a suitable hanger in a cool, dry place.

Kingsford Leather

Thank you for choosing Kingsford Leather.

We focus on distinctive leather outerwear, quality craftsmanship, custom-fit options, and timeless statement style.",199.99,CAD,18,"leather_hoodie_men,black_leather_jacket,mens_leather_bomber,hooded_leather,motorcycle_jacket,biker_jacket_men,removable_hood,winter_jacket_men,black_leather_coat,hooded_biker_jacket,genuine_leather,black_hooded_jacket,custom_leather_coat",Sheepskin,https://i.etsystatic.com/66400165/r/il/0adee7/8347895906/il_fullxfull.8347895906_q9xr.jpg,https://i.etsystatic.com/66400165/r/il/7973ef/8347895904/il_fullxfull.8347895904_c4rx.jpg,https://i.etsystatic.com/66400165/r/il/189d49/8395784437/il_fullxfull.8395784437_pj6r.jpg,https://i.etsystatic.com/66400165/r/il/f82b31/8395784439/il_fullxfull.8395784439_22do.jpg,https://i.etsystatic.com/66400165/r/il/8ff7ff/8395784441/il_fullxfull.8395784441_g58f.jpg,https://i.etsystatic.com/66400165/r/il/757914/8347895948/il_fullxfull.8347895948_spf8.jpg,https://i.etsystatic.com/66400165/r/il/f7512f/8189510695/il_fullxfull.8189510695_jnnq.jpg,,,,"Men's chest size",Size,"XXS,XS,S,M,L,XL,2X,3X,4X",,,,,,,
"Michael Jackson Jacket, MJ Thriller Jacket, Red Black 80s Pop Star Costume, Faux or Genuine Leather","Michael Jackson Thriller Red & Black Jacket

This Michael Jackson-inspired jacket recreates the bold red and black 80s pop-star look associated with the iconic Thriller era. Available in faux leather or genuine leather options, this statement jacket features a striking red and black finish, structured styling, and a front zip closure for a distinctive stage-inspired appearance.

Designed for fans of retro pop fashion, cosplay, performances, Halloween costumes, and statement outfits, it combines recognizable vintage styling with a wearable modern construction.

Key Features
Available in faux leather or genuine leather
Iconic red and black colour combination
Thriller-inspired 80s pop-star design
Structured jacket silhouette
Front zip closure
Long sleeves
Bold contrast panel detailing
Statement stage and costume styling
Suitable for cosplay, performances, events, and collectors
Custom Made & Bespoke Options

Custom sizing and bespoke modifications are available upon request.

If you would like any changes to the standard jacket — such as measurements, fit, length, colour, leather type, lining, hardware, pockets, or other design details — please message us through Etsy before placing your order.

Customizations may involve an additional cost depending on the requested changes. We will discuss your requirements and confirm the final customization price with you before the custom order is placed.

For made-to-measure sizing, please provide:

Chest
Shoulder
Sleeve
Waist
Jacket length

Please double-check all measurements and customization details before confirming your order.

Ideal For

This red and black Thriller-inspired jacket is ideal for Michael Jackson-inspired outfits, 80s pop-star styling, cosplay, Halloween costumes, tribute performances, concerts, stage shows, themed parties, retro fashion, and collectors of distinctive celebrity-inspired jackets.

Shipping & Customs

Free delivery applies where shown on the listing.

For US deliveries, applicable import duties and fees are included in the checkout price where required by Etsy.

For non-US deliveries, buyers may be responsible for customs duties, import taxes, tariffs, or other charges imposed by their destination country. Customs-related delays are outside our control.

Returns & Custom Orders

Custom-made, personalized, or made-to-measure items are generally non-returnable unless the item arrives damaged, defective, or significantly different from the agreed specifications or listing description.

Please make sure all measurements and customization details are correct before confirming your custom order.

Note

Colors may appear slightly different due to screen and lighting settings. Message us anytime with questions about fit, materials, or customization.

Natural leather may show slight variations in shade, grain, and texture. These natural variations are part of the individual character of genuine leather materials.

Care Instructions

For genuine leather, professional leather cleaning is recommended.

For faux leather, gently wipe with a soft damp cloth when necessary and avoid harsh cleaning chemicals.

Avoid excessive moisture and prolonged direct sunlight. Store the jacket on a suitable hanger in a cool, dry place.

Kingsford Leather

Thank you for choosing Kingsford Leather.

We focus on distinctive leather outerwear, quality craftsmanship, custom-fit options, and timeless statement style.",182,CAD,36,"michael_jackson,thriller_jacket,mj_red_jacket,red_leather_jacket,pop_star_jacket,cosplay_jacket,faux_leather,genuine_leather,mj_thriller_jacket,thriller_red_jacket,halloween_costume,celebrity_jacket,mj_leather_jacket",Leather,https://i.etsystatic.com/66400165/r/il/8d53e0/8374639158/il_fullxfull.8374639158_3c2n.jpg,https://i.etsystatic.com/66400165/r/il/6071ea/8374639164/il_fullxfull.8374639164_5aqz.jpg,https://i.etsystatic.com/66400165/r/il/9ea836/8422513651/il_fullxfull.8422513651_ijt3.jpg,https://i.etsystatic.com/66400165/r/il/913c20/8422513663/il_fullxfull.8422513663_c40x.jpg,https://i.etsystatic.com/66400165/r/il/b609df/8422513669/il_fullxfull.8422513669_2dsx.jpg,https://i.etsystatic.com/66400165/r/il/0cfb74/8374639152/il_fullxfull.8374639152_s6zc.jpg,https://i.etsystatic.com/66400165/r/il/1c3788/8374639192/il_fullxfull.8374639192_aklj.jpg,https://i.etsystatic.com/66400165/r/il/1df110/8189426855/il_fullxfull.8189426855_imrz.jpg,,,"Men's chest size",Size,"XXS,XS,S,M,L,XL,2X,3X,4X","Custom Property",MATERIAL,"FAUX LEATHER,GENUINE LEATHER",,,,
"Men's Leather Trench Coat, Brown Distressed Leather Duster, Long Vintage Gothic Overcoat","Men's Brown Leather Trench Coat

This men's leather trench coat is crafted from genuine brown leather with a distressed vintage finish and a long duster-inspired silhouette. Designed with a classic lapel collar, button-front closure, long length, and rich aged leather character, it combines timeless trench-coat styling with a rugged gothic look.

The long structured silhouette and distressed brown finish make this leather duster suitable for everyday statement wear, vintage-inspired outfits, gothic styling, winter layering, and distinctive formal-casual looks.

Key Features
Genuine leather construction
Rich brown distressed finish
Long trench coat silhouette
Duster-inspired styling
Classic lapel collar
Button-front closure
Long-length design
Vintage leather character
Gothic-inspired appearance
Practical everyday outerwear
Suitable for winter layering
Custom sizing available
Custom Made & Bespoke Options

Custom sizing and bespoke modifications are available upon request.

If you would like any changes to the standard jacket — such as measurements, fit, length, colour, leather type, lining, hardware, pockets, or other design details — please message us through Etsy before placing your order.

Customizations may involve an additional cost depending on the requested changes. We will discuss your requirements and confirm the final customization price with you before the custom order is placed.

For made-to-measure sizing, please provide: Chest, Shoulder, Sleeve, Waist, Jacket length.

Please double-check all measurements and customization details before confirming your order.

Ideal For

Ideal for vintage-inspired outfits, gothic styling, winter layering, duster and trench-coat looks, casual statement wear, travel, themed outfits, and anyone looking for a distinctive men's long leather coat.

Shipping & Customs

Free delivery applies where shown on the listing. For US deliveries, applicable import duties and fees are included in the checkout price where required by Etsy. For non-US deliveries, buyers may be responsible for customs duties, import taxes, tariffs, or other charges imposed by their destination country. Customs-related delays are outside our control.

Returns & Custom Orders

Custom-made, personalized, or made-to-measure items are generally non-returnable unless damaged, defective, or significantly different from the agreed specifications or listing description.

Please verify all measurements and customization details before confirming your custom order.

Note

Colors may appear slightly different due to screen/lighting settings. Message us anytime with questions about fit or customization!

Natural leather may vary slightly in shade, grain, and texture. These natural variations are part of the character of genuine leather.

Care Instructions

Professional leather cleaning is recommended. Avoid excessive moisture, harsh cleaning products, and prolonged direct sunlight. Store the coat on a suitable hanger in a cool, dry place.

Kingsford Leather

Thank you for choosing Kingsford Leather.

We focus on distinctive leather outerwear, quality craftsmanship, custom-fit options, and timeless statement style.",404.99,CAD,18,"genuine_leather,brown_leather_coat,long_leather_coat,winter_overcoat,vintage_leather,custom_leather_coat,real_leather_coat,mens_leather_trench,mens_leather_duster,brown_leather_duster,gothic_leather_coat,distressed_leather,vintage_trench_coat",Leather,https://i.etsystatic.com/66400165/r/il/723945/8382078019/il_fullxfull.8382078019_rwy5.jpg,https://i.etsystatic.com/66400165/r/il/dc61c3/8382078017/il_fullxfull.8382078017_mnq2.jpg,https://i.etsystatic.com/66400165/r/il/edc365/8334194026/il_fullxfull.8334194026_gzol.jpg,https://i.etsystatic.com/66400165/r/il/68e65d/8382078021/il_fullxfull.8382078021_9ysw.jpg,https://i.etsystatic.com/66400165/r/il/4bea24/8334194030/il_fullxfull.8334194030_dyfm.jpg,https://i.etsystatic.com/66400165/r/il/fd6342/8334194032/il_fullxfull.8334194032_683i.jpg,https://i.etsystatic.com/66400165/r/il/8aa9af/8141466630/il_fullxfull.8141466630_9qr2.jpg,,,,"Men's chest size",Size,"XXS,XS,S,M,L,XL,2X,3X,4X",,,,,,,
"Men's Suede Blazer, Olive Green Double Breasted Suede Leather Coat, Tailored Peacoat","Men's Olive Green Suede Blazer

This men's suede blazer combines premium suede construction with a refined double-breasted silhouette and distinctive olive green finish. Designed with structured lapels, decorative metal buttons, practical pockets, and a tailored fit, it blends classic peacoat styling with versatile smart-casual outerwear.

The rich suede texture and sophisticated double-breasted design make this suede leather coat an easy choice for both casual and dressed-up outfits throughout the cooler seasons.

Key Features
Premium suede construction
Rich olive green finish
Double-breasted front design
Classic lapel collar
Decorative metal button detailing
Structured tailored silhouette
Practical front pockets
Comfortable men's fit
Smart-casual and classic styling
Suitable for autumn, winter, and spring
Custom sizing available
Custom Made & Bespoke Options

Custom sizing and bespoke modifications are available upon request.

If you would like any changes to the standard jacket — such as measurements, fit, length, colour, leather type, lining, hardware, pockets, or other design details — please message us through Etsy before placing your order.

Customizations may involve an additional cost depending on the requested changes. We will discuss your requirements and confirm the final customization price with you before the custom order is placed.

For made-to-measure sizing, please provide your Chest, Shoulder, Sleeve, Waist, and Jacket Length measurements.

Please double-check all measurements and customization details before confirming your order.

Ideal For

Ideal for smart-casual outfits, business-casual styling, dinners, travel, autumn and winter wardrobes, vintage-inspired looks, tailored menswear, and anyone looking for a distinctive men's suede blazer or peacoat.

Shipping & Customs

Free delivery applies where shown on the listing.

For US deliveries, applicable import duties and fees are included in the checkout price where required by Etsy.

For non-US deliveries, buyers may be responsible for customs duties, import taxes, tariffs, or other charges imposed by their destination country. Customs-related delays are outside our control.

Returns & Custom Orders

Custom-made, personalized, or made-to-measure items are generally non-returnable unless the item arrives damaged, defective, or significantly different from the agreed specifications or listing description.

Please make sure all measurements and customization details are correct before confirming your custom order.

Note

Colors may appear slightly different due to screen and lighting settings. Message us anytime with questions about fit or customization.

Natural suede may show slight variations in shade, grain, and texture. These natural characteristics give every suede garment its individual appearance.

Care Instructions

Professional suede/leather cleaning is recommended.

Avoid excessive moisture, harsh cleaning products, and prolonged direct sunlight. Store the coat on a suitable hanger in a cool, dry place.

Kingsford Leather

Thank you for choosing Kingsford Leather.

We focus on distinctive leather outerwear, quality craftsmanship, custom-fit options, and timeless statement style.",229.99,CAD,16,"olive_suede_jacket,suede_peacoat,double_breasted,suede_leather_coat,suede_blazer,green_suede_coat,suede_jacket_men,mens_suede_blazer,green_suede_jacket,suede_sport_coat,mens_suede_coat,olive_green_jacket,smart_casual_jacket","Metal,Polyester,Suede",https://i.etsystatic.com/66400165/r/il/d21c78/8382383279/il_fullxfull.8382383279_iko2.jpg,https://i.etsystatic.com/66400165/r/il/37f21a/8382383275/il_fullxfull.8382383275_d6fb.jpg,https://i.etsystatic.com/66400165/r/il/8ef17b/8382383273/il_fullxfull.8382383273_g8aw.jpg,https://i.etsystatic.com/66400165/r/il/50e404/8382383271/il_fullxfull.8382383271_5qsu.jpg,https://i.etsystatic.com/66400165/r/il/8796c4/8382383277/il_fullxfull.8382383277_tvk4.jpg,https://i.etsystatic.com/66400165/r/il/6a645a/8334499804/il_fullxfull.8334499804_dkip.jpg,https://i.etsystatic.com/66400165/r/il/ae7a3d/8140866400/il_fullxfull.8140866400_p4fv.jpg,,,,"Men's chest size",Size,"S,XS,M,L,XL,2X,3X,4X",,,,,,,
"Men's Black Leather Peacoat, Gothic Trench Style Coat, Cosplay Winter Jacket","Men's Black Leather Peacoat

This men's black leather peacoat combines genuine leather construction with a structured gothic-inspired silhouette and distinctive long coat styling. Designed with a soft faux-fur collar, button-front closure, adjustable cuff details, and a tailored fit, it offers a bold statement look while remaining wearable as winter outerwear.

The dark leather finish and structured coat design make it suitable for gothic styling, cosplay-inspired outfits, gaming conventions, winter layering, and distinctive everyday fashion.

Key Features
Genuine leather construction
Classic black leather finish
Structured peacoat silhouette
Gothic-inspired styling
Soft faux-fur collar
Button-front closure
Adjustable cuff detailing
Tailored men's fit
Long coat appearance
Suitable for winter layering
Cosplay-inspired statement styling
Custom sizing available
Custom Made & Bespoke Options

Custom sizing and bespoke modifications are available upon request.

If you would like any changes to the standard jacket — such as measurements, fit, length, colour, leather type, lining, hardware, pockets, or other design details — please message us through Etsy before placing your order.

Customizations may involve an additional cost depending on the requested changes. We will discuss your requirements and confirm the final customization price with you before the custom order is placed.

For made-to-measure sizing, please provide: Chest, Shoulder, Sleeve, Waist, Jacket length.

Please double-check all measurements and customization details before confirming your order.

Ideal For

Ideal for gothic styling, cosplay-inspired outfits, gaming conventions, winter layering, statement outerwear, themed events, casual fashion, and anyone looking for a distinctive men's black leather peacoat.

Shipping & Customs

Free delivery applies where shown on the listing. For US deliveries, applicable import duties and fees are included in the checkout price where required by Etsy. For non-US deliveries, buyers may be responsible for customs duties, import taxes, tariffs, or other charges imposed by their destination country. Customs-related delays are outside our control.

Returns & Custom Orders

Custom-made, personalized, or made-to-measure items are generally non-returnable unless damaged, defective, or significantly different from the agreed specifications or listing description.

Please verify all measurements and customization details before confirming your custom order.

Note

Colors may appear slightly different due to screen/lighting settings. Message us anytime with questions about fit or customization!

Natural leather may vary slightly in shade, grain, and texture. These natural variations are part of the character of genuine leather.

Care Instructions

Professional leather cleaning is recommended. Avoid excessive moisture, harsh cleaning products, and prolonged direct sunlight. Store the coat on a suitable hanger in a cool, dry place.

Kingsford Leather

Thank you for choosing Kingsford Leather.

We focus on distinctive leather outerwear, quality craftsmanship, custom-fit options, and timeless statement style.",219.99,CAD,16,"leather_trench_coat,mens_leather_coat,cosplay_leather_coat,black_leather_coat,handmade_leather,custom_leather_coat,winter_leather_coat,gaming_cosplay,bespoke_leather,goth_leather_coat,gothic_peacoat,leather_overcoat,black_gothic_coat","Metal,Leather,Polyester,Faux fur",https://i.etsystatic.com/66400165/r/il/01a5df/8382542931/il_fullxfull.8382542931_bm73.jpg,https://i.etsystatic.com/66400165/r/il/f70953/8382542927/il_fullxfull.8382542927_tdvu.jpg,https://i.etsystatic.com/66400165/r/il/69aa4d/8334658034/il_fullxfull.8334658034_kvqi.jpg,https://i.etsystatic.com/66400165/r/il/907c45/8382542925/il_fullxfull.8382542925_rx6i.jpg,https://i.etsystatic.com/66400165/r/il/907183/8334658042/il_fullxfull.8334658042_6mns.jpg,https://i.etsystatic.com/66400165/r/il/32cb8c/8334658036/il_fullxfull.8334658036_9s2p.jpg,https://i.etsystatic.com/66400165/r/il/a568b4/8382542929/il_fullxfull.8382542929_d0fn.jpg,https://i.etsystatic.com/66400165/r/il/cb6be3/8188715247/il_fullxfull.8188715247_9119.jpg,,,"Men's chest size",Size,"XS,S,M,L,XL,2X,3X,4X",,,,,,,
"Men's Gothic Leather Jacket, Black Armor Jacket, Dark Fantasy Warrior Cosplay Coat","Men's Gothic Leather Armor Jacket

This men's gothic leather jacket combines a dark fantasy aesthetic with structured armor-inspired detailing and a dramatic black finish. Designed with layered quilted panels, a high stand collar, angular shoulder detailing, and a front zipper closure, it creates a distinctive warrior-inspired silhouette for gothic fashion, cosplay, and statement wear.

The detailed leather construction and sculpted panel design give the jacket a bold armored appearance while maintaining the wearable structure of a premium leather jacket.

Key Features
Premium black leather construction
Gothic armor-inspired design
Structured high stand collar
Layered and quilted panel detailing
Angular shoulder construction
Front zipper closure
Metal hardware details
Dark fantasy warrior aesthetic
Fitted men's silhouette
Gothic and alternative styling
Suitable for cosplay and statement fashion
Custom sizing available
Custom Made & Bespoke Options

Custom sizing and bespoke modifications are available upon request.

If you would like any changes to the standard jacket — such as measurements, fit, length, colour, leather type, lining, hardware, pockets, or other design details — please message us through Etsy before placing your order.

Customizations may involve an additional cost depending on the requested changes. We will discuss your requirements and confirm the final customization price with you before the custom order is placed.

For made-to-measure sizing, please provide:

Chest
Shoulder
Sleeve
Waist
Jacket length

Please double-check all measurements and customization details before confirming your order.

Ideal For

Ideal for gothic fashion, dark fantasy outfits, warrior-inspired styling, cosplay, cyberpunk and dystopian looks, alternative fashion, themed events, conventions, festivals, photoshoots, and statement outerwear.

Shipping & Customs

Free delivery applies where shown on the listing.

For US deliveries, applicable import duties and fees are included in the checkout price where required by Etsy.

For non-US deliveries, buyers may be responsible for customs duties, import taxes, tariffs, or other charges imposed by their destination country. Customs-related delays are outside our control.

Returns & Custom Orders

Custom-made, personalized, or made-to-measure items are generally non-returnable unless the item arrives damaged, defective, or significantly different from the agreed specifications or listing description.

Please make sure all measurements and customization details are correct before confirming your custom order.

Note

Colors may appear slightly different due to screen and lighting settings. Message us anytime with questions about fit or customization.

Natural leather may show slight variations in shade, grain, and texture. These variations are part of the natural character of leather.

Care Instructions

Professional leather cleaning is recommended.

Avoid excessive moisture, harsh cleaning products, and prolonged direct sunlight. Store the jacket on a suitable hanger in a cool, dry place.

Kingsford Leather

Thank you for choosing Kingsford Leather.

We focus on distinctive leather outerwear, quality craftsmanship, custom-fit options, and timeless statement style.",199.99,CAD,16,"black_leather_jacket,armor_jacket,goth_leather_jacket,gothic_jacket_men,gothic_armor,gothic_biker_jacket,dystopian_jacket,mens_leather_jacket,cyberpunk_jacket,cosplay_jacket,dark_fantasy_outfit,steampunk_jacket,alternative_jacket","Metal,Leather,Polyester,Viscose",https://i.etsystatic.com/66400165/r/il/3ca29f/8420216629/il_fullxfull.8420216629_7qu4.jpg,https://i.etsystatic.com/66400165/r/il/5485af/8420216627/il_fullxfull.8420216627_h4mk.jpg,https://i.etsystatic.com/66400165/r/il/930b31/8372337620/il_fullxfull.8372337620_2o8o.jpg,https://i.etsystatic.com/66400165/r/il/89a3da/8420216623/il_fullxfull.8420216623_6d4r.jpg,https://i.etsystatic.com/66400165/r/il/b3cdfa/8372337616/il_fullxfull.8372337616_9scv.jpg,https://i.etsystatic.com/66400165/r/il/0f564f/8372337618/il_fullxfull.8372337618_cd3c.jpg,https://i.etsystatic.com/66400165/r/il/02906e/8140442574/il_fullxfull.8140442574_ghcg.jpg,,,,"Men's chest size",Size,"S,XS,M,L,XL,2X,3X,4X",,,,,,,
"Men's Leather Trench Coat, Black Western Duster, Cowboy Long Leather Overcoat","Men's Black Leather Western Duster Coat

This men's leather trench coat is crafted from genuine black leather with a long Western duster-inspired silhouette. Featuring a classic lapel collar, button-front closure, distinctive shoulder cape detailing, and a full-length design, it combines rugged cowboy character with timeless leather outerwear styling.

The long black silhouette makes this coat suitable for Western-inspired outfits, cowboy styling, vintage looks, winter layering, themed events, and statement everyday wear.

Key Features
Genuine black leather construction
Long trench coat silhouette
Western duster-inspired design
Cowboy-style outerwear look
Classic lapel collar
Button-front closure
Distinctive shoulder cape detailing
Full-length construction
Vintage-inspired styling
Suitable for winter layering
Statement leather outerwear
Custom sizing available
Custom Made & Bespoke Options

Custom sizing and bespoke modifications are available upon request.

If you would like any changes to the standard jacket — such as measurements, fit, length, colour, leather type, lining, hardware, pockets, or other design details — please message us through Etsy before placing your order.

Customizations may involve an additional cost depending on the requested changes. We will discuss your requirements and confirm the final customization price with you before the custom order is placed.

For made-to-measure sizing, please provide: Chest, Shoulder, Sleeve, Waist, Jacket length.

Please double-check all measurements and customization details before confirming your order.

Ideal For

Ideal for Western and cowboy styling, vintage-inspired outfits, ranch and duster looks, winter layering, themed events, statement fashion, travel, and anyone looking for a distinctive men's long leather coat.

Shipping & Customs

Free delivery applies where shown on the listing. For US deliveries, applicable import duties and fees are included in the checkout price where required by Etsy. For non-US deliveries, buyers may be responsible for customs duties, import taxes, tariffs, or other charges imposed by their destination country. Customs-related delays are outside our control.

Returns & Custom Orders

Custom-made, personalized, or made-to-measure items are generally non-returnable unless damaged, defective, or significantly different from the agreed specifications or listing description.

Please verify all measurements and customization details before confirming your custom order.

Note

Colors may appear slightly different due to screen/lighting settings. Message us anytime with questions about fit or customization!

Natural leather may vary slightly in shade, grain, and texture. These natural variations are part of the character of genuine leather.

Care Instructions

Professional leather cleaning is recommended. Avoid excessive moisture, harsh cleaning products, and prolonged direct sunlight. Store the coat on a suitable hanger in a cool, dry place.

Kingsford Leather

Thank you for choosing Kingsford Leather.

We focus on distinctive leather outerwear, quality craftsmanship, custom-fit options, and timeless statement style.",239.99,CAD,16,"western_duster_coat,cowboy_trench_coat,black_leather_coat,drover_coat,western_overcoat,ranch_coat,cowboy_outerwear,long_leather_coat,custom_leather_coat,vintage_western_coat,mens_leather_duster,mens_leather_trench,black_leather_duster","Metal,Leather,Polyester",https://i.etsystatic.com/66400165/r/il/cabb22/8382600529/il_fullxfull.8382600529_lpw5.jpg,https://i.etsystatic.com/66400165/r/il/14af49/8334715430/il_fullxfull.8334715430_gfe2.jpg,https://i.etsystatic.com/66400165/r/il/7adfa4/8334715422/il_fullxfull.8334715422_8l83.jpg,https://i.etsystatic.com/66400165/r/il/837884/8382600527/il_fullxfull.8382600527_nwm9.jpg,https://i.etsystatic.com/66400165/r/il/b24747/8334715426/il_fullxfull.8334715426_1iev.jpg,https://i.etsystatic.com/66400165/r/il/92b53d/8382600535/il_fullxfull.8382600535_f0ko.jpg,https://i.etsystatic.com/66400165/r/il/12f88d/8174855509/il_fullxfull.8174855509_3rvn.jpg,,,,"Men's chest size",Size,"XS,S,M,L,XL,2X,3X,4X",,,,,,,
"Men's Leather Safari Jacket, Brown Field Coat, Four Pocket Utility Jacket","Men's Brown Leather Safari Jacket

This men's leather safari jacket combines genuine brown leather with a practical field-jacket inspired design. Featuring a stand collar, multiple functional pockets, zip-front closure, and a structured mid-length silhouette, it offers a rugged yet versatile look for everyday wear.

The warm brown leather finish and utility-inspired construction make this jacket suitable for casual styling, travel, outdoor-inspired outfits, vintage looks, and seasonal layering.

Key Features
Genuine leather construction
Rich brown leather finish
Safari and field-jacket inspired styling
Stand collar design
Front zipper closure
Multiple functional pockets
Chest zip pocket
Four-pocket utility appearance
Structured everyday fit
Vintage-inspired character
Suitable for seasonal layering
Custom sizing available
Custom Made & Bespoke Options

Custom sizing and bespoke modifications are available upon request.

If you would like any changes to the standard jacket — such as measurements, fit, length, colour, leather type, lining, hardware, pockets, or other design details — please message us through Etsy before placing your order.

Customizations may involve an additional cost depending on the requested changes. We will discuss your requirements and confirm the final customization price with you before the custom order is placed.

For made-to-measure sizing, please provide: Chest, Shoulder, Sleeve, Waist, Jacket length.

Please double-check all measurements and customization details before confirming your order.

Ideal For

Ideal for casual everyday wear, safari and field-jacket styling, vintage-inspired outfits, travel, outdoor-inspired looks, autumn and winter layering, and anyone looking for a practical men's brown leather jacket.

Shipping & Customs

Free delivery applies where shown on the listing. For US deliveries, applicable import duties and fees are included in the checkout price where required by Etsy. For non-US deliveries, buyers may be responsible for customs duties, import taxes, tariffs, or other charges imposed by their destination country. Customs-related delays are outside our control.

Returns & Custom Orders

Custom-made, personalized, or made-to-measure items are generally non-returnable unless damaged, defective, or significantly different from the agreed specifications or listing description.

Please verify all measurements and customization details before confirming your custom order.

Note

Colors may appear slightly different due to screen/lighting settings. Message us anytime with questions about fit or customization!

Natural leather may vary slightly in shade, grain, and texture. These natural variations are part of the character of genuine leather.

Care Instructions

Professional leather cleaning is recommended. Avoid excessive moisture, harsh cleaning products, and prolonged direct sunlight. Store the jacket on a suitable hanger in a cool, dry place.

Kingsford Leather

Thank you for choosing Kingsford Leather.

We focus on distinctive leather outerwear, quality craftsmanship, custom-fit options, and timeless statement style.",209.99,CAD,16,"brown_leather_jacket,leather_field_jacket,mens_leather_coat,leather_car_coat,leather_jacket_men,genuine_leather,mens_safari_jacket,safari_jacket,four_pocket_jacket,brown_field_jacket,custom_leather_coat,utility_jacket_men,vintage_field_jacket","Metal,Leather,Polyester",https://i.etsystatic.com/66400165/r/il/3a5d2c/8374623612/il_fullxfull.8374623612_f7d2.jpg,https://i.etsystatic.com/66400165/r/il/5c9653/8374623618/il_fullxfull.8374623618_smon.jpg,https://i.etsystatic.com/66400165/r/il/b39979/8422498145/il_fullxfull.8422498145_1drh.jpg,https://i.etsystatic.com/66400165/r/il/2ff47a/8374623610/il_fullxfull.8374623610_imoo.jpg,https://i.etsystatic.com/66400165/r/il/8194f1/8422498139/il_fullxfull.8422498139_cdkk.jpg,https://i.etsystatic.com/66400165/r/il/4fcbc5/8374623634/il_fullxfull.8374623634_k4ur.jpg,https://i.etsystatic.com/66400165/r/il/c15c1c/8374623636/il_fullxfull.8374623636_pe2a.jpg,https://i.etsystatic.com/66400165/r/il/3096df/8177832813/il_fullxfull.8177832813_exn1.jpg,,,"Men's chest size",Size,"S,XS,M,L,XL,2X,3X,4X",,,,,,,
"Mens Black Leather Motorcycle Vest, Custom Biker Club Vest, Handmade Cowhide Leather Riding Vest, Bespoke Motorcycle Waistcoat","Men's Custom Black Leather Motorcycle Vest

Built for riders who demand both style and durability, this premium black leather motorcycle vest delivers the classic biker look with modern craftsmanship. Featuring a sleek band collar, heavy-duty front zipper closure, adjustable lace-up sides, functional pockets, and striking embroidered biker patches, this vest is designed to stand out on every ride.

Whether you're a motorcycle enthusiast, club rider, road trip adventurer, or simply love authentic biker fashion, this vest offers the rugged appearance and comfort every rider appreciates.

Crafted from premium quality leather and reinforced stitching, this vest is built to handle years of wear while maintaining its bold character and timeless biker appeal.

Product Features

✔ Premium Quality Genuine Leather

✔ Classic Motorcycle Club Style

✔ Heavy Duty Front Zipper Closure

✔ Adjustable Side Lace Panels

✔ Stand-Up Biker Collar

✔ Large Embroidered Back Patch Design

✔ Front Embroidered Biker Patches

✔ Multiple Functional Pockets

✔ Durable Hardware & Reinforced Stitching

✔ Comfortable Inner Lining

✔ Suitable for Motorcycle Riding & Casual Wear

Custom Made & Bespoke Service

Every vest is handcrafted with attention to detail.

✔ Custom Made Available

✔ Bespoke Tailoring Available

✔ Made-to-Measure Service

✔ Custom Sizing Available

✔ Personal Customization Available

✔ Custom Color Available Upon Request

If you require a specific size, fit, measurement, or customization, simply send us a message before placing your order.

Perfect For

✔ Motorcycle Riders

✔ Biker Clubs

✔ Harley Riders

✔ Road Trips

✔ Motorcycle Events

✔ Club Gatherings

✔ Streetwear Fashion

✔ Gifts for Bikers

Materials

✔ Cowhide Leather

✔ Premium Hardware

✔ Polyester Lining

Package Includes

✔ 1 × Handmade Leather Motorcycle Vest",189.99,CAD,16,"Motorcycle_Vest,Leather_Biker_Vest,Mens_Leather_Vest,Motorcycle_Club_Vest,MC_Club_Vest,Outlaw_Biker_Vest,Black_Leather_Vest,Riding_Vest_Men,Custom_Biker_Vest,Leather_Riding_Gear,Skull_Patch_Vest","Metal,Leather,Polyester,Cowhide",https://i.etsystatic.com/66400165/r/il/400c87/8334224236/il_fullxfull.8334224236_1vrz.jpg,https://i.etsystatic.com/66400165/r/il/0bb9c3/8382108529/il_fullxfull.8382108529_abyu.jpg,https://i.etsystatic.com/66400165/r/il/59e6d9/8334224228/il_fullxfull.8334224228_jxdn.jpg,https://i.etsystatic.com/66400165/r/il/837f06/8334224232/il_fullxfull.8334224232_n7ov.jpg,https://i.etsystatic.com/66400165/r/il/a27a01/8334224234/il_fullxfull.8334224234_oaij.jpg,https://i.etsystatic.com/66400165/r/il/d96d83/8334224230/il_fullxfull.8334224230_1crb.jpg,https://i.etsystatic.com/66400165/r/il/0bad3f/8382108547/il_fullxfull.8382108547_4xgv.jpg,https://i.etsystatic.com/66400165/r/il/b77716/8130278098/il_fullxfull.8130278098_fmmz.jpg,,,"Men's chest size","Chest size","XS,S,M,L,XL,2X,3X,4X",,,,,,,
